0,-2,-2.5,7.289280247,-39.196624,0.00110716,-1.625271299,-2,-2.5,7.289280247,-39.196624
1,-2,-2.5,7.289280247,-39.196624,0.000968698,-0.00416117,-1.946628917,-3.226971529,7.289390963,-25.82889172
2,-2,-2.5,7.289280247,-39.196624,0.000830266,-0.003526226,-1.38730197,-3.694417324,7.289487833,-25.83192498
3,-2,-2.5,7.289280247,-39.196624,0.000691857,-0.002910148,-0.829388062,-4.163563784,7.289570859,-25.83449543
4,-2,-2.5,7.289280247,-39.196624,0.000553468,-0.002309644,-0.272675573,-4.634148141,7.289640045,-25.83661681
5,-2,-2.5,7.289280247,-39.196624,0.000415092,-0.001721502,0.283042651,-5.105916914,7.289695392,-25.83830046
6,-2,-2.5,7.289280247,-39.196624,0.000276725,-0.001142575,0.837970008,-5.578624243,7.289736901,-25.83955538
7,-2,-2.5,7.289280247,-39.196624,0.000138362,-0.000569763,1.392306872,-6.052030286,7.289764573,-25.84038829
8,-2,-2.5,7.289280247,-39.196624,0,1.43E-37,1.946251344,-6.525899675,7.28977841,-25.84080363
9,-2,-2.5,7.289280247,-39.196624,0,0,2.5,-7,7.28977841,-25.84080363
0,-2,-2.5,7.071067812,-0.785398165,2.29E-11,5.26E-10,-2,-2.5,7.071067812,-0.785398165
1,-2,-2.5,7.071067812,-0.785398165,4.15E-11,7.97E-10,-1.500000001,-3.000000001,7.071067812,-0.785398164
2,-2,-2.5,7.071067812,-0.785398165,5.51E-11,7.91E-10,-1.000000001,-3.500000001,7.071067812,-0.785398164
3,-2,-2.5,7.071067812,-0.785398165,6.21E-11,5.07E-10,-0.500000001,-4.000000001,7.071067812,-0.785398163
4,-2,-2.5,7.071067812,-0.785398165,5.97E-11,3.34E-11,-9.22E-10,-4.500000001,7.071067812,-0.785398163
5,-2,-2.5,7.071067812,-0.785398165,4.70E-11,-3.81E-10,0.499999999,-5.000000001,7.071067812,-0.785398163
6,-2,-2.5,7.071067812,-0.785398165,2.89E-11,-4.85E-10,1,-5.5,7.071067812,-0.785398163
7,-2,-2.5,7.071067812,-0.785398165,1.23E-11,-3.30E-10,1.5,-6,7.071067812,-0.785398163
8,-2,-2.5,7.071067812,-0.785398165,0,-2.46E-30,2,-6.5,7.071067812,-0.785398164
9,-2,-2.5,7.071067812,-0.785398165,0,0,2.5,-7,7.071067812,-0.785398164
0,-2,-2.5,-7.993640829,-5.470374712,-0.005918947,4.811708942,-2,-2.5,-7.993640829,-5.470374712
1,-2,-2.5,-7.993640829,-5.470374712,-0.005174154,0.038181499,-2.549530861,-3.080515955,-7.994232724,2.551516425
2,-2,-2.5,-7.993640829,-5.470374712,-0.004431983,0.030390788,-1.88529145,-3.52533454,-7.994750139,2.520978405
3,-2,-2.5,-7.993640829,-5.470374712,-0.00369157,0.023748617,-1.234901415,-3.990257221,-7.995193338,2.496674247
4,-2,-2.5,-7.993640829,-5.470374712,-0.002952318,0.01800386,-0.595966484,-4.470874865,-7.995562495,2.477683198
5,-2,-2.5,-7.993640829,-5.470374712,-0.002213809,0.012939408,0.033755421,-4.963561904,-7.995857726,2.463286544
6,-2,-2.5,-7.993640829,-5.470374712,-0.001475739,0.00836389,0.656342255,-5.465281987,-7.996079107,2.452939799
7,-2,-2.5,-7.993640829,-5.470374712,-0.000737871,0.004104408,1.27372178,-5.973430915,-7.996226681,2.446251811
8,-2,-2.5,-7.993640829,-5.470374712,0,3.62E-28,1.887700361,-6.485706928,-7.996300468,2.442969815
9,-2,-2.5,-7.993640829,-5.470374712,0,0,2.5,-7,-7.996300468,2.442969815
0,-2,-2.5,529618.977,0.801683678,6.44E-16,7.20E-06,-2,-2.5,529618.977,0.801683678
1,-2,-2.5,529618.977,0.801683678,1.49E-15,3.23E-05,36832.89,38052.1119,529618.977,1.182912225
2,-2,-2.5,529618.977,0.801683678,-1.55E-16,-6.06E-05,56864.69781,87079.5459,529618.977,2.893843885
3,-2,-2.5,529618.977,0.801683678,7.55E-16,-1.02E-05,5519.889462,100066.9731,529618.977,-0.317587942
4,-2,-2.5,529618.977,0.801683678,-4.11E-16,-1.02E-05,55833.23727,83528.24154,529618.977,-0.855405706
5,-2,-2.5,529618.977,0.801683678,-6.74E-16,-6.07E-05,90571.59857,43550.63702,529618.977,-1.393610418
6,-2,-2.5,529618.977,0.801683678,-6.46E-16,3.25E-05,99906.67551,-8582.068137,529618.977,-4.608438094
7,-2,-2.5,529618.977,0.801683678,-2.22E-16,6.82E-06,94411.14902,44093.93966,529618.977,-2.885245674
8,-2,-2.5,529618.977,0.801683678,-3.44E-16,-1.35E-14,43179.90586,30665.52454,529618.977,-2.523915315
9,-2,-2.5,529618.977,0.801683678,0,0,4,-7,529618.977,-2.523915316
0,-1,-2.5,7.474235582,-0.7328151,1.75E-11,5.72E-11,-1,-2.5,7.474235582,-0.7328151
1,-1,-2.5,7.474235582,-0.7328151,2.88E-11,-2.09E-10,-0.444444443,-2.999999999,7.474235582,-0.7328151
2,-1,-2.5,7.474235582,-0.7328151,3.19E-11,-7.67E-10,0.111111113,-3.499999998,7.474235582,-0.7328151
3,-1,-2.5,7.474235582,-0.7328151,2.45E-11,-1.39E-09,0.66666667,-3.999999996,7.474235582,-0.7328151
4,-1,-2.5,7.474235582,-0.7328151,1.09E-11,-1.61E-09,1.222222226,-4.499999996,7.474235582,-0.732815101
5,-1,-2.5,7.474235582,-0.7328151,-7.94E-13,-1.49E-09,1.777777782,-4.999999995,7.474235582,-0.732815103
6,-1,-2.5,7.474235582,-0.7328151,-6.99E-12,-1.14E-09,2.333333337,-5.499999996,7.474235582,-0.732815104
7,-1,-2.5,7.474235582,-0.7328151,-6.70E-12,-6.40E-10,2.888888892,-5.999999997,7.474235582,-0.732815104
8,-1,-2.5,7.474235582,-0.7328151,0,-2.99E-15,3.444444446,-6.499999998,7.474235582,-0.732815105
9,-1,-2.5,7.474235582,-0.7328151,0,0,4,-7,7.474235582,-0.732815105
0,0,0,9.72291283,-12.4093117,0.002146054,1.696576834,0,0,9.72291283,-12.4093117
1,0,0,9.72291283,-12.4093117,0.001854765,0.02871069,0.960323915,0.152079968,9.723127435,-20.09856688
2,0,0,9.72291283,-12.4093117,0.00156248,0.0314511,1.267828317,-0.770326186,9.723312912,-20.07064343
3,0,0,9.72291283,-12.4093117,0.001300408,0.025138782,1.600972606,-1.683804715,9.72346916,-20.04005246
4,0,0,9.72291283,-12.4093117,0.001039401,0.019425397,1.961906669,-2.586680746,9.7235992,-20.01560369
5,0,0,9.72291283,-12.4093117,0.000779114,0.01417609,2.344809993,-3.480475386,9.723703141,-19.99671284
6,0,0,9.72291283,-12.4093117,0.00051927,0.009266093,2.744532809,-4.366887084,9.723781052,-19.98292751
7,0,0,9.72291283,-12.4093117,0.000259636,0.004578154,3.156440038,-5.247711478,9.723832979,-19.9739171
8,0,0,9.72291283,-12.4093117,0,3.76E-48,3.576269264,-6.124793401,9.723858943,-19.96946535
9,0,0,9.72291283,-12.4093117,0,0,4,-7,9.723858943,-19.96946535
0,0,0,6.675933191,10.82560786,0.018698641,7.984526078,0,0,6.675933191,10.82560786
1,0,0,6.675933191,10.82560786,0.022677136,0.049225558,-0.112922915,-0.657973598,6.677803055,5.740775153
2,0,0,6.675933191,10.82560786,0.026598316,-0.043092933,0.45900891,-1.002682931,6.680070769,5.773673588
3,0,0,6.675933191,10.82560786,0.030345707,-0.132431188,1.042167579,-1.32850408,6.682730601,5.744869371
4,0,0,6.675933191,10.82560786,0.024079719,-0.161711348,1.615928987,-1.671121548,6.685765171,5.655848148
5,0,0,6.675933191,10.82560786,0.018038852,-0.099544339,2.15720415,-2.063569962,6.688173143,5.54677934
6,0,0,6.675933191,10.82560786,0.012020989,-0.057469031,2.652722335,-2.512767388,6.689977028,5.479981582
7,0,0,6.675933191,10.82560786,0.006010959,-0.026298039,3.117277636,-2.99416774,6.691179127,5.441492551
8,0,0,6.675933191,10.82560786,0,-1.23E-15,3.563044906,-3.493177081,6.691780223,5.423892004
9,0,0,6.675933191,10.82560786,0,0,4,-4,6.691780223,5.423892004
0,0,-4,645099.2345,-12.10834818,-1.11E-17,-2.29E-05,5.95E-20,-4,645099.2345,-12.10834818
1,0,-4,645099.2345,-12.10834818,-2.20E-16,-5.30E-05,57860.80054,28520.6908,645099.2345,-13.58651364
2,0,-4,645099.2345,-12.10834818,-3.86E-16,-4.31E-05,91615.23547,-26453.56087,645099.2345,-17.00601403
3,0,-4,645099.2345,-12.10834818,-1.77E-16,-1.57E-05,74237.77682,35671.74923,645099.2345,-19.78500933
4,0,-4,645099.2345,-12.10834818,1.09E-17,-9.20E-06,112521.42,-16250.23926,645099.2345,-20.80086294
5,0,-4,645099.2345,-12.10834818,8.33E-17,-3.37E-05,88562.77731,-76146.09609,645099.2345,-21.39418129
6,0,-4,645099.2345,-12.10834818,2.00E-16,2.68E-05,35210.21823,-112409.5028,645099.2345,-23.56599025
7,0,-4,645099.2345,-12.10834818,-2.56E-16,6.36E-05,35471.18286,-47900.10716,645099.2345,-21.83392521
8,0,-4,645099.2345,-12.10834818,-1.83E-16,9.22E-15,-28243.06519,-58000.8407,645099.2345,-17.73198951
9,0,-4,645099.2345,-12.10834818,0,0,4,-4,645099.2345,-17.73198951
0,0,-4,-514810.0226,-14.05781304,-8.64E-16,-4.25E-06,6.31E-25,-4,-514810.0226,-14.05781304
1,0,-4,-514810.0226,-14.05781304,-1.45E-15,-3.42E-05,-4080.932243,51314.99829,-514810.0226,-13.83880986
2,0,-4,-514810.0226,-14.05781304,-1.10E-15,6.18E-05,-19213.78682,100521.6066,-514810.0226,-12.07817752
3,0,-4,-514810.0226,-14.05781304,-1.13E-15,1.01E-05,-64680.87071,76375.4294,-514810.0226,-15.26152368
4,0,-4,-514810.0226,-14.05781304,5.34E-17,1.01E-05,-18245.51899,98602.70327,-514810.0226,-15.78402062
5,0,-4,-514810.0226,-14.05781304,7.65E-16,6.18E-05,33086.65343,94690.96855,-514810.0226,-16.30581962
6,0,-4,-514810.0226,-14.05781304,7.81E-16,-3.41E-05,75637.97273,65713.75649,-514810.0226,-19.48826448
7,0,-4,-514810.0226,-14.05781304,4.04E-16,-4.31E-06,34305.60938,96404.62375,-514810.0226,-17.73151072
8,0,-4,-514810.0226,-14.05781304,-4.44E-17,1.51E-14,11785.70162,50110.48429,-514810.0226,-17.50968119
9,0,-4,-514810.0226,-14.05781304,0,0,3,-4,-514810.0226,-17.50968119
0,0,-4,3.333333333,34.55751919,-3.04E-11,-1.29E-11,0,-4,3.333333333,34.55751919
1,0,-4,3.333333333,34.55751919,-5.14E-11,8.23E-12,-0.333333333,-4,3.333333333,34.55751919
2,0,-4,3.333333333,34.55751919,-6.40E-11,4.08E-11,-0.666666667,-4,3.333333333,34.55751919
3,0,-4,3.333333333,34.55751919,-6.89E-11,7.22E-11,-1,-4,3.333333333,34.55751919
4,0,-4,3.333333333,34.55751919,-6.68E-11,9.37E-11,-1.333333333,-4,3.333333333,34.55751919
5,0,-4,3.333333333,34.55751919,-5.83E-11,1.01E-10,-1.666666667,-4,3.333333333,34.55751919
6,0,-4,3.333333333,34.55751919,-4.39E-11,9.01E-11,-2,-4,3.333333333,34.55751919
7,0,-4,3.333333333,34.55751919,-2.43E-11,5.67E-11,-2.333333333,-4,3.333333333,34.55751919
8,0,-4,3.333333333,34.55751919,0,-4.00E-19,-2.666666667,-4,3.333333333,34.55751919
9,0,-4,3.333333333,34.55751919,0,0,-3,-4,3.333333333,34.55751919
0,0,-4,-3.333333333,-6.283185307,3.04E-11,1.29E-11,0,-4,-3.333333333,-6.283185307
1,0,-4,-3.333333333,-6.283185307,5.14E-11,-8.23E-12,-0.333333333,-4,-3.333333333,-6.283185307
2,0,-4,-3.333333333,-6.283185307,6.40E-11,-4.08E-11,-0.666666667,-4,-3.333333333,-6.283185307
3,0,-4,-3.333333333,-6.283185307,6.89E-11,-7.22E-11,-1,-4,-3.333333333,-6.283185307
4,0,-4,-3.333333333,-6.283185307,6.68E-11,-9.37E-11,-1.333333333,-4,-3.333333333,-6.283185307
5,0,-4,-3.333333333,-6.283185307,5.83E-11,-1.01E-10,-1.666666667,-4,-3.333333333,-6.283185307
6,0,-4,-3.333333333,-6.283185307,4.39E-11,-9.01E-11,-2,-4,-3.333333333,-6.283185307
7,0,-4,-3.333333333,-6.283185307,2.43E-11,-5.67E-11,-2.333333333,-4,-3.333333333,-6.283185307
8,0,-4,-3.333333333,-6.283185307,0,-2.16E-15,-2.666666667,-4,-3.333333333,-6.283185307
9,0,-4,-3.333333333,-6.283185307,0,0,-3,-4,-3.333333333,-6.283185307
0,0,-5,23.63128526,-10.31138977,0.001307564,-1.763396099,0,-5,23.63128526,-10.31138977
1,0,-5,23.63128526,-10.31138977,0.001180232,-0.148963573,-1.493594773,-3.168729652,23.63141602,1.806154081
2,0,-5,23.63128526,-10.31138977,0.000958914,-0.242436617,-2.04465787,-0.87073755,23.63153404,1.451504938
3,0,-5,23.63128526,-10.31138977,0.000638788,-0.325243238,-1.763422144,1.475621434,23.63162994,0.867095244
4,0,-5,23.63128526,-10.31138977,0.000350773,-0.333675002,-0.234351678,3.277421324,23.63169381,0.070192652
5,0,-5,23.63128526,-10.31138977,0.000190999,-0.257888683,2.122998415,3.443162271,23.63172889,-0.748967467
6,0,-5,23.63128526,-10.31138977,0.000109024,-0.163726569,3.853768027,1.834118252,23.63174799,-1.372282859
7,0,-5,23.63128526,-10.31138977,5.49E-05,-0.078005672,4.319814954,-0.48264574,23.63175889,-1.762692098
8,0,-5,23.63128526,-10.31138977,0,-1.22E-30,3.869109552,-2.802444207,23.63176438,-1.947408033
9,0,-5,23.63128526,-10.31138977,0,0,3,-5,23.63176438,-1.947408033
0,0,-5,23.63128526,-16.59457508,0.001307564,-1.763396099,0,-5,23.63128526,-16.59457508
1,0,-5,23.63128526,-16.59457508,0.001180232,-0.148963573,-1.493594773,-3.168729652,23.63141602,-4.477031226
2,0,-5,23.63128526,-16.59457508,0.000958914,-0.242436617,-2.04465787,-0.87073755,23.63153404,-4.831680369
3,0,-5,23.63128526,-16.59457508,0.000638788,-0.325243238,-1.763422144,1.475621434,23.63162994,-5.416090063
4,0,-5,23.63128526,-16.59457508,0.000350773,-0.333675002,-0.234351679,3.277421324,23.63169381,-6.212992655
5,0,-5,23.63128526,-16.59457508,0.000190999,-0.257888683,2.122998415,3.443162271,23.63172889,-7.032152774
6,0,-5,23.63128526,-16.59457508,0.000109024,-0.163726569,3.853768026,1.834118252,23.63174799,-7.655468167
7,0,-5,23.63128526,-16.59457508,5.49E-05,-0.078005672,4.319814954,-0.48264574,23.63175889,-8.045877405
8,0,-5,23.63128526,-16.59457508,0,9.75E-30,3.869109552,-2.802444206,23.63176438,-8.23059334
9,0,-5,23.63128526,-16.59457508,0,0,3,-5,23.63176438,-8.23059334
0,0,-5,5.641789537,-25.49253676,0.021130679,-17.36000415,0,-5,5.641789537,-25.49253676
1,0,-5,5.641789537,-25.49253676,0.015642329,-0.13622346,0.528053916,-5.198637744,5.643902605,-18.56361622
2,0,-5,5.641789537,-25.49253676,0.010035037,-0.170676222,1.069528254,-5.039446324,5.645466838,-18.64097854
3,0,-5,5.641789537,-25.49253676,0.0082814,-0.134025613,1.621839226,-4.92254659,5.646470342,-18.73827989
4,0,-5,5.641789537,-25.49253676,0.006581325,-0.102144709,2.182994036,-4.859844495,5.647298482,-18.81441346
5,0,-5,5.641789537,-25.49253676,0.004915804,-0.073768997,2.747375201,-4.840002581,5.647956614,-18.87229908
6,0,-5,5.641789537,-25.49253676,0.003270881,-0.047866963,3.312024798,-4.852846711,5.648448194,-18.91403923
7,0,-5,5.641789537,-25.49253676,0.001635513,-0.023547371,3.875695685,-4.889244539,5.648775283,-18.94109731
8,0,-5,5.641789537,-25.49253676,0,1.95E-30,4.438208078,-4.940882022,5.648938834,-18.95440115
9,0,-5,5.641789537,-25.49253676,0,0,5,-5,5.648938834,-18.95440115
0,0,-5,5.558147345,-0.056898096,0.001731185,-1.657539107,0,-5,5.558147345,-0.056898096
1,0,-5,5.558147345,-0.056898096,0.000841185,-0.022004556,0.554915282,-5.031607739,5.558320463,6.334642384
2,0,-5,5.558147345,-0.056898096,-5.46E-05,-0.031912296,1.110011616,-5.003018867,5.558404582,6.322409572
3,0,-5,5.558147345,-0.056898096,-4.89E-05,-0.026598117,1.665424537,-4.981222024,5.558399125,6.304665403
4,0,-5,5.558147345,-0.056898096,-4.11E-05,-0.021280618,2.221136224,-4.969283448,5.558394238,6.289877621
5,0,-5,5.558147345,-0.056898096,-3.19E-05,-0.015961309,2.776963201,-4.965563624,5.558390125,6.278047228
6,0,-5,5.558147345,-0.056898096,-2.16E-05,-0.010641134,3.332794876,-4.968419556,5.558386938,6.269174557
7,0,-5,5.558147345,-0.056898096,-1.08E-05,-0.005320617,3.888579015,-4.976207018,5.558384779,6.263259579
8,0,-5,5.558147345,-0.056898096,0,-3.75E-33,4.444307153,-4.987281772,5.5583837,6.260302148
9,0,-5,5.558147345,-0.056898096,0,0,5,-5,5.5583837,6.260302148
0,1,-5,5.023313152,-7.83227314,0.009843329,-7.916774171,1,-5,5.023313152,-7.83227314
1,1,-5,5.023313152,-7.83227314,0.008609053,-0.026319035,1.010904,-5.502212957,5.024297485,0.157066821
2,1,-5,5.023313152,-7.83227314,0.007376617,-0.021842757,1.507149012,-5.423621986,5.02515839,0.143840301
3,1,-5,5.023313152,-7.83227314,0.006145564,-0.017706189,2.004475273,-5.351588952,5.025896052,0.132862224
4,1,-5,5.023313152,-7.83227314,0.004915527,-0.013845118,2.502635451,-5.285010062,5.026510608,0.123962347
5,1,-5,5.023313152,-7.83227314,0.0036862,-0.010199542,3.00142942,-5.222859717,5.027002161,0.117002639
6,1,-5,5.023313152,-7.83227314,0.002457323,-0.006712753,3.500692673,-5.164176571,5.027370781,0.111875149
7,1,-5,5.023313152,-7.83227314,0.001228662,-0.003330468,4.00028689,-5.108050037,5.027616513,0.108500349
8,1,-5,5.023313152,-7.83227314,0,-4.53E-28,4.500092107,-5.053607189,5.027739379,0.106825911
9,1,-5,5.023313152,-7.83227314,0,0,5,-5,5.027739379,0.106825911
0,4,-8,-4.96903995,-0.463647612,-4.75E-11,-2.69E-10,4,-8,-4.96903995,-0.463647612
1,4,-8,-4.96903995,-0.463647612,-9.15E-11,-6.23E-10,3.555555556,-7.777777777,-4.96903995,-0.463647611
2,4,-8,-4.96903995,-0.463647612,-1.31E-10,-1.07E-09,3.111111112,-7.555555553,-4.96903995,-0.463647611
3,4,-8,-4.96903995,-0.463647612,-1.64E-10,-1.64E-09,2.666666668,-7.33333333,-4.96903995,-0.463647611
4,4,-8,-4.96903995,-0.463647612,-1.88E-10,-2.36E-09,2.222222224,-7.111111107,-4.96903995,-0.46364761
5,4,-8,-4.96903995,-0.463647612,-1.89E-10,-3.22E-09,1.77777778,-6.888888885,-4.96903995,-0.463647609
6,4,-8,-4.96903995,-0.463647612,-1.23E-10,-2.48E-09,1.333333335,-6.666666663,-4.96903995,-0.463647607
7,4,-8,-4.96903995,-0.463647612,-5.90E-11,-1.28E-09,0.88888889,-6.444444441,-4.96903995,-0.463647606
8,4,-8,-4.96903995,-0.463647612,0,3.35E-20,0.444444445,-6.222222221,-4.96903995,-0.463647605
9,4,-8,-4.96903995,-0.463647612,0,0,0,-6,-4.96903995,-0.463647605
0,4,-8,-5.616363533,13.6505166,-0.009828881,-7.9240763,4,-8,-5.616363533,13.6505166
1,4,-8,-5.616363533,13.6505166,-0.00859509,-0.032390072,3.737340798,-8.496432812,-5.617346422,5.651102906
2,4,-8,-5.616363533,13.6505166,-0.007363856,-0.026556874,3.284133895,-8.164545315,-5.618205931,5.669303897
3,4,-8,-5.616363533,13.6505166,-0.006134479,-0.021301707,2.824891452,-7.840911638,-5.618942316,5.684227604
4,4,-8,-5.616363533,13.6505166,-0.004906422,-0.016510204,2.360809694,-7.524125828,-5.619555764,5.696198721
5,4,-8,-5.616363533,13.6505166,-0.003679266,-0.012078096,1.892917922,-7.212884185,-5.620046406,5.705477565
6,4,-8,-5.616363533,13.6505166,-0.002452667,-0.007908917,1.42211727,-6.905970579,-5.620414333,5.712265841
7,4,-8,-5.616363533,13.6505166,-0.001226335,-0.003911899,0.949213109,-6.602240061,-5.6206596,5.716711073
8,4,-8,-5.616363533,13.6505166,0,6.44E-29,0.474942777,-6.300601543,-5.620782233,5.718909829
9,4,-8,-5.616363533,13.6505166,0,0,0,-6,-5.620782233,5.718909829
0,4,-8,-4.96903995,-13.03001823,-4.68E-11,-2.55E-10,4,-8,-4.96903995,-13.03001823
1,4,-8,-4.96903995,-13.03001823,-9.00E-11,-5.90E-10,3.555555556,-7.777777777,-4.96903995,-13.03001823
2,4,-8,-4.96903995,-13.03001823,-1.29E-10,-1.02E-09,3.111111112,-7.555555553,-4.96903995,-13.03001823
3,4,-8,-4.96903995,-13.03001823,-1.61E-10,-1.57E-09,2.666666668,-7.33333333,-4.96903995,-13.03001822
4,4,-8,-4.96903995,-13.03001823,-1.84E-10,-2.28E-09,2.222222224,-7.111111107,-4.96903995,-13.03001822
5,4,-8,-4.96903995,-13.03001823,-1.84E-10,-3.12E-09,1.77777778,-6.888888885,-4.96903995,-13.03001822
6,4,-8,-4.96903995,-13.03001823,-1.20E-10,-2.40E-09,1.333333335,-6.666666663,-4.96903995,-13.03001822
7,4,-8,-4.96903995,-13.03001823,-5.73E-11,-1.24E-09,0.88888889,-6.444444441,-4.96903995,-13.03001822
8,4,-8,-4.96903995,-13.03001823,0,1.34E-28,0.444444445,-6.222222221,-4.96903995,-13.03001822
9,4,-8,-4.96903995,-13.03001823,0,0,0,-6,-4.96903995,-13.03001822
0,4,-8,-4.96903995,-0.463647612,-4.75E-11,-2.68E-10,4,-8,-4.96903995,-0.463647612
1,4,-8,-4.96903995,-0.463647612,-9.13E-11,-6.20E-10,3.555555556,-7.777777777,-4.96903995,-0.463647611
2,4,-8,-4.96903995,-0.463647612,-1.31E-10,-1.07E-09,3.111111112,-7.555555553,-4.96903995,-0.463647611
3,4,-8,-4.96903995,-0.463647612,-1.64E-10,-1.64E-09,2.666666668,-7.33333333,-4.96903995,-0.463647611
4,4,-8,-4.96903995,-0.463647612,-1.88E-10,-2.36E-09,2.222222224,-7.111111107,-4.96903995,-0.46364761
5,4,-8,-4.96903995,-0.463647612,-1.89E-10,-3.22E-09,1.77777778,-6.888888885,-4.96903995,-0.463647609
6,4,-8,-4.96903995,-0.463647612,-1.23E-10,-2.48E-09,1.333333335,-6.666666663,-4.96903995,-0.463647607
7,4,-8,-4.96903995,-0.463647612,-5.88E-11,-1.28E-09,0.88888889,-6.444444441,-4.96903995,-0.463647606
8,4,-8,-4.96903995,-0.463647612,-7.70E-35,8.08E-20,0.444444445,-6.222222221,-4.96903995,-0.463647605
9,4,-8,-4.96903995,-0.463647612,0,0,0,-6,-4.96903995,-0.463647605
0,4,-8,-99587.16481,1.561206661,-7.51E-14,-0.000166425,4,-8,-99587.16481,1.561206661
1,4,-8,-99587.16481,1.561206661,-1.62E-13,-0.000185053,-91.49929691,-9966.258574,-99587.16481,3.21858703
2,4,-8,-99587.16481,1.561206661,-2.65E-13,-3.55E-05,9837.713461,-9200.250765,-99587.16481,5.061477268
3,4,-8,-99587.16481,1.561206661,-3.48E-13,0.000123633,6431.421856,157.8052005,-99587.16481,5.414823005
4,4,-8,-99587.16481,1.561206661,-4.08E-13,0.000238178,-2.680013569,7759.013465,-99587.16481,4.183597753
5,4,-8,-99587.16481,1.561206661,-5.05E-13,0.00010467,5021.393209,16357.5437,-99587.16481,1.811655008
6,4,-8,-99587.16481,1.561206661,-5.94E-13,-1.65E-06,7396.91166,6686.300448,-99587.16481,0.769271452
7,4,-8,-99587.16481,1.561206661,2.25E-13,-0.000949797,242.3939974,-241.102454,-99587.16481,0.785733855
8,4,-8,-99587.16481,1.561206661,1.05E-13,6.50E-14,-6797.117666,-7285.341908,-99587.16481,10.24449362
9,4,-8,-99587.16481,1.561206661,0,0,-1,-6,-99587.16481,10.24449362
0,5,-8,-8.117993667,-11.16842668,-0.001548005,1.646385625,5,-8,-8.117993667,-11.16842668
1,5,-8,-8.117993667,-11.16842668,-0.001679008,0.005505909,4.860376246,-8.799702083,-8.118148468,-0.449281746
2,5,-8,-8.117993667,-11.16842668,-0.001810089,0.001583479,4.129126484,-8.447115736,-8.118316369,-0.45375157
3,5,-8,-8.117993667,-11.16842668,-0.001941056,-0.002350165,3.39944493,-8.091257006,-8.118497378,-0.455037089
4,5,-8,-8.117993667,-11.16842668,-0.002071721,-0.006267818,2.670205183,-7.734452595,-8.118691483,-0.453129105
5,5,-8,-8.117993667,-11.16842668,-0.002201903,-0.010142298,1.940268535,-7.379031712,-8.118898655,-0.44804039
6,5,-8,-8.117993667,-11.16842668,-0.001467855,-0.006547901,1.208514037,-7.027320881,-8.119118846,-0.439805679
7,5,-8,-8.117993667,-11.16842668,-0.000733929,-0.003210856,0.473868222,-6.681638317,-8.119265631,-0.434489284
8,5,-8,-8.117993667,-11.16842668,5.05E-30,2.31E-15,-0.262618302,-6.339860109,-8.119339024,-0.431882296
9,5,-8,-8.117993667,-11.16842668,0,0,-1,-6,-8.119339024,-0.431882296
0,5,-8,-5.983516452,-0.380506377,-2.93E-11,1.34E-10,5,-8,-5.983516452,-0.380506377
1,5,-8,-5.983516452,-0.380506377,-5.51E-11,1.74E-10,4.444444445,-7.777777778,-5.983516452,-0.380506378
2,5,-8,-5.983516452,-0.380506377,-7.66E-11,9.68E-11,3.888888889,-7.555555555,-5.983516452,-0.380506378
3,5,-8,-5.983516452,-0.380506377,-9.25E-11,-1.21E-10,3.333333334,-7.333333333,-5.983516452,-0.380506378
4,5,-8,-5.983516452,-0.380506377,-1.00E-10,-4.95E-10,2.777777778,-7.11111111,-5.983516452,-0.380506378
5,5,-8,-5.983516452,-0.380506377,-9.35E-11,-9.82E-10,2.222222223,-6.888888888,-5.983516452,-0.380506377
6,5,-8,-5.983516452,-0.380506377,-6.34E-11,-1.04E-09,1.666666667,-6.666666665,-5.983516452,-0.380506377
7,5,-8,-5.983516452,-0.380506377,-2.97E-11,-5.87E-10,1.111111112,-6.444444443,-5.983516452,-0.380506376
8,5,-8,-5.983516452,-0.380506377,3.85E-35,-2.94E-20,0.555555556,-6.222222221,-5.983516452,-0.380506376
9,5,-8,-5.983516452,-0.380506377,0,0,0,-6,-5.983516452,-0.380506376
0,5,-8,-5.983516452,-0.380506377,-2.93E-11,1.33E-10,5,-8,-5.983516452,-0.380506377
1,5,-8,-5.983516452,-0.380506377,-5.51E-11,1.74E-10,4.444444445,-7.777777778,-5.983516452,-0.380506378
2,5,-8,-5.983516452,-0.380506377,-7.67E-11,9.66E-11,3.888888889,-7.555555555,-5.983516452,-0.380506378
3,5,-8,-5.983516452,-0.380506377,-9.26E-11,-1.23E-10,3.333333334,-7.333333333,-5.983516452,-0.380506378
4,5,-8,-5.983516452,-0.380506377,-1.00E-10,-4.99E-10,2.777777778,-7.11111111,-5.983516452,-0.380506378
5,5,-8,-5.983516452,-0.380506377,-9.37E-11,-9.88E-10,2.222222223,-6.888888888,-5.983516452,-0.380506377
6,5,-8,-5.983516452,-0.380506377,-6.36E-11,-1.05E-09,1.666666667,-6.666666665,-5.983516452,-0.380506377
7,5,-8,-5.983516452,-0.380506377,-2.97E-11,-5.92E-10,1.111111112,-6.444444443,-5.983516452,-0.380506376
8,5,-8,-5.983516452,-0.380506377,0,-1.07E-17,0.555555556,-6.222222221,-5.983516452,-0.380506376
9,5,-8,-5.983516452,-0.380506377,0,0,0,-6,-5.983516452,-0.380506376
0,5,-8,-5.983516452,-0.380506377,-2.93E-11,1.34E-10,5,-8,-5.983516452,-0.380506377
1,5,-8,-5.983516452,-0.380506377,-5.51E-11,1.71E-10,4.444444445,-7.777777778,-5.983516452,-0.380506378
2,5,-8,-5.983516452,-0.380506377,-7.67E-11,9.24E-11,3.888888889,-7.555555555,-5.983516452,-0.380506378
3,5,-8,-5.983516452,-0.380506377,-9.26E-11,-1.27E-10,3.333333334,-7.333333333,-5.983516452,-0.380506378
4,5,-8,-5.983516452,-0.380506377,-1.00E-10,-5.02E-10,2.777777778,-7.11111111,-5.983516452,-0.380506378
5,5,-8,-5.983516452,-0.380506377,-9.38E-11,-9.90E-10,2.222222223,-6.888888888,-5.983516452,-0.380506377
6,5,-8,-5.983516452,-0.380506377,-6.36E-11,-1.05E-09,1.666666667,-6.666666665,-5.983516452,-0.380506377
7,5,-8,-5.983516452,-0.380506377,-2.97E-11,-5.91E-10,1.111111112,-6.444444443,-5.983516452,-0.380506376
8,5,-8,-5.983516452,-0.380506377,0,-1.07E-29,0.555555556,-6.222222221,-5.983516452,-0.380506376
9,5,-8,-5.983516452,-0.380506377,0,0,0,-6,-5.983516452,-0.380506376
0,5,-8,-5.983516452,-0.380506377,-2.93E-11,1.34E-10,5,-8,-5.983516452,-0.380506377
1,5,-8,-5.983516452,-0.380506377,-5.51E-11,1.71E-10,4.444444445,-7.777777778,-5.983516452,-0.380506378
2,5,-8,-5.983516452,-0.380506377,-7.67E-11,9.24E-11,3.888888889,-7.555555555,-5.983516452,-0.380506378
3,5,-8,-5.983516452,-0.380506377,-9.26E-11,-1.27E-10,3.333333334,-7.333333333,-5.983516452,-0.380506378
4,5,-8,-5.983516452,-0.380506377,-1.00E-10,-5.02E-10,2.777777778,-7.11111111,-5.983516452,-0.380506378
5,5,-8,-5.983516452,-0.380506377,-9.38E-11,-9.90E-10,2.222222223,-6.888888888,-5.983516452,-0.380506377
6,5,-8,-5.983516452,-0.380506377,-6.36E-11,-1.05E-09,1.666666667,-6.666666665,-5.983516452,-0.380506377
7,5,-8,-5.983516452,-0.380506377,-2.98E-11,-5.91E-10,1.111111112,-6.444444443,-5.983516452,-0.380506376
8,5,-8,-5.983516452,-0.380506377,0,1.19E-27,0.555555556,-6.222222221,-5.983516452,-0.380506376
9,5,-8,-5.983516452,-0.380506377,0,0,0,-6,-5.983516452,-0.380506376
0,5,-8,7.94698102,-2.841148692,0.002065448,1.669996947,5,-8,7.94698102,-2.841148692
1,5,-8,7.94698102,-2.841148692,0.001806584,0.013901619,4.240900235,-8.235186382,7.947187565,-10.82587275
2,5,-8,7.94698102,-2.841148692,0.00154804,0.011598092,4.106681626,-7.451883588,7.947368224,-10.81482416
3,5,-8,7.94698102,-2.841148692,0.001289741,0.009444436,3.963813747,-6.670093727,7.947523028,-10.80560631
4,5,-8,7.94698102,-2.841148692,0.001031624,0.007412914,3.8137427,-5.889638794,7.947652002,-10.7981001
5,5,-8,7.94698102,-2.841148692,0.000773637,0.005477311,3.657815146,-5.110319654,7.947755164,-10.79220847
6,5,-8,7.94698102,-2.841148692,0.000515731,0.003612611,3.497296778,-4.331922599,7.947832528,-10.78785519
7,5,-8,7.94698102,-2.841148692,0.000257866,0.001794686,3.333389769,-3.554224129,7.947884101,-10.78498394
8,5,-8,7.94698102,-2.841148692,0,-1.57E-31,3.16724939,-2.776994438,7.947909887,-10.78355754
9,5,-8,7.94698102,-2.841148692,0,0,3,-2,7.947909887,-10.78355754
0,5,-8,92146.99393,-22.34994769,-9.12E-16,-3.91E-06,5,-8,92146.99393,-22.34994769
1,5,-8,92146.99393,-22.34994769,-4.94E-17,-2.04E-05,-8622.899883,3227.742344,92146.99393,-22.38601064
2,5,-8,92146.99393,-22.34994769,-1.55E-15,-6.34E-05,-17128.5248,6772.460912,92146.99393,-22.57402437
3,5,-8,92146.99393,-22.34994769,-1.06E-14,-0.000124685,-24821.72241,11844.48176,92146.99393,-23.15787401
4,5,-8,92146.99393,-22.34994769,-1.38E-14,-0.000126992,-28444.61646,20317.10376,92146.99393,-24.3068088
5,5,-8,92146.99393,-22.34994769,-1.03E-14,-6.38E-05,-22198.23197,27091.56799,92146.99393,-25.47700147
6,5,-8,92146.99393,-22.34994769,-7.88E-15,-1.93E-05,-13524.20156,23981.60315,92146.99393,-26.06444427
7,5,-8,92146.99393,-22.34994769,-6.63E-15,-2.15E-06,-8027.928905,16585.54529,92146.99393,-26.24270106
8,5,-8,92146.99393,-22.34994769,-7.72E-15,1.64E-13,-3930.175192,8332.115733,92146.99393,-26.26254523
9,5,-8,92146.99393,-22.34994769,0,0,3,-1,92146.99393,-26.26254523
0,5,-8,-9.14735083,-18.59386997,-0.002073738,-1.684695497,5,-8,-9.14735083,-18.59386997
1,5,-8,-9.14735083,-18.59386997,-0.001813514,-0.018193032,4.115002918,-8.231344845,-9.147558204,-26.59020595
2,5,-8,-9.14735083,-18.59386997,-0.001553782,-0.01497374,4.011553958,-7.322457326,-9.147739555,-26.57356193
3,5,-8,-9.14735083,-18.59386997,-0.00129441,-0.012050518,3.892990134,-6.415399439,-9.147894934,-26.55986332
4,5,-8,-9.14735083,-18.59386997,-0.001035298,-0.009365807,3.762010165,-5.510035388,-9.148024375,-26.5488391
5,5,-8,-9.14735083,-18.59386997,-0.000776363,-0.006866606,3.621055429,-4.606157486,-9.148127904,-26.54027099
6,5,-8,-9.14735083,-18.59386997,-0.00051754,-0.004503484,3.472359751,-3.703510248,-9.148205541,-26.53398923
7,5,-8,-9.14735083,-18.59386997,-0.00025877,-0.002229639,3.317995523,-2.80180723,-9.148257295,-26.52986932
8,5,-8,-9.14735083,-18.59386997,0,5.51E-36,3.159916789,-1.900742733,-9.148283172,-26.52782959
9,5,-8,-9.14735083,-18.59386997,0,0,3,-1,-9.148283172,-26.52782959
0,5,-8,-8.089010988,-32.70842321,-1.38E-11,-1.33E-09,5,-8,-8.089010988,-32.70842321
1,5,-8,-8.089010988,-32.70842321,-2.32E-11,-2.57E-09,4.777777786,-7.22222222,-8.089010988,-32.70842321
2,5,-8,-8.089010988,-32.70842321,-2.78E-11,-3.61E-09,4.555555571,-6.44444444,-8.089010988,-32.70842321
3,5,-8,-8.089010988,-32.70842321,-2.76E-11,-4.33E-09,4.333333354,-5.666666661,-8.089010988,-32.70842321
4,5,-8,-8.089010988,-32.70842321,-2.37E-11,-4.65E-09,4.111111135,-4.888888882,-8.089010988,-32.7084232
5,5,-8,-8.089010988,-32.70842321,-1.65E-11,-4.53E-09,3.888888913,-4.111111104,-8.089010988,-32.7084232
6,5,-8,-8.089010988,-32.70842321,-6.12E-12,-3.69E-09,3.666666688,-3.333333327,-8.089010988,-32.7084232
7,5,-8,-8.089010988,-32.70842321,-4.27E-14,-2.04E-09,3.444444461,-2.555555551,-8.089010988,-32.70842319
8,5,-8,-8.089010988,-32.70842321,0,1.02E-17,3.222222231,-1.777777775,-8.089010988,-32.70842319
9,5,-8,-8.089010988,-32.70842321,0,0,3,-1,-8.089010988,-32.70842319
0,5,-8,-8.089010988,-45.27479383,-1.38E-11,-1.33E-09,5,-8,-8.089010988,-45.27479383
1,5,-8,-8.089010988,-45.27479383,-2.32E-11,-2.57E-09,4.777777786,-7.22222222,-8.089010988,-45.27479383
2,5,-8,-8.089010988,-45.27479383,-2.78E-11,-3.61E-09,4.555555571,-6.44444444,-8.089010988,-45.27479383
3,5,-8,-8.089010988,-45.27479383,-2.76E-11,-4.33E-09,4.333333354,-5.666666661,-8.089010988,-45.27479382
4,5,-8,-8.089010988,-45.27479383,-2.37E-11,-4.66E-09,4.111111135,-4.888888882,-8.089010988,-45.27479382
5,5,-8,-8.089010988,-45.27479383,-1.65E-11,-4.53E-09,3.888888913,-4.111111104,-8.089010988,-45.27479381
6,5,-8,-8.089010988,-45.27479383,-6.12E-12,-3.69E-09,3.666666688,-3.333333327,-8.089010988,-45.27479381
7,5,-8,-8.089010988,-45.27479383,-4.31E-14,-2.04E-09,3.444444461,-2.555555551,-8.089010988,-45.27479381
8,5,-8,-8.089010988,-45.27479383,0,-2.62E-16,3.222222231,-1.777777775,-8.089010988,-45.27479381
9,5,-8,-8.089010988,-45.27479383,0,0,3,-1,-8.089010988,-45.27479381
0,5,-8,-8.089010988,-38.99160852,-1.38E-11,-1.33E-09,5,-8,-8.089010988,-38.99160852
1,5,-8,-8.089010988,-38.99160852,-2.32E-11,-2.57E-09,4.777777786,-7.22222222,-8.089010988,-38.99160852
2,5,-8,-8.089010988,-38.99160852,-2.78E-11,-3.61E-09,4.555555571,-6.44444444,-8.089010988,-38.99160852
3,5,-8,-8.089010988,-38.99160852,-2.76E-11,-4.32E-09,4.333333354,-5.666666661,-8.089010988,-38.99160851
4,5,-8,-8.089010988,-38.99160852,-2.37E-11,-4.65E-09,4.111111135,-4.888888882,-8.089010988,-38.99160851
5,5,-8,-8.089010988,-38.99160852,-1.65E-11,-4.53E-09,3.888888913,-4.111111104,-8.089010988,-38.99160851
6,5,-8,-8.089010988,-38.99160852,-6.12E-12,-3.68E-09,3.666666688,-3.333333327,-8.089010988,-38.9916085
7,5,-8,-8.089010988,-38.99160852,-4.36E-14,-2.04E-09,3.444444461,-2.555555551,-8.089010988,-38.9916085
8,5,-8,-8.089010988,-38.99160852,0,4.29E-19,3.222222231,-1.777777775,-8.089010988,-38.9916085
9,5,-8,-8.089010988,-38.99160852,0,0,3,-1,-8.089010988,-38.9916085
0,5.2,-8,8.181652108,2.113770652,0.000373774,1.592341569,5.2,-8,8.181652108,2.113770652
1,5.2,-8,8.181652108,2.113770652,0.00032705,0.000642587,4.777266457,-7.299506842,8.181689486,-35.85464047
2,5.2,-8,8.181652108,2.113770652,0.000280328,0.000547769,4.556138686,-6.511786754,8.181722191,-35.85411473
3,5.2,-8,8.181652108,2.113770652,0.000233606,0.000454352,4.334595921,-5.724179883,8.181750224,-35.85366656
4,5.2,-8,8.181652108,2.113770652,0.000186884,0.000362096,4.112699436,-4.936669682,8.181773584,-35.85329482
5,5.2,-8,8.181652108,2.113770652,0.000140163,0.000270765,3.890509583,-4.149239774,8.181792273,-35.85299856
6,5.2,-8,8.181652108,2.113770652,9.34E-05,0.000180127,3.66808595,-3.361873929,8.181806289,-35.85277703
7,5.2,-8,8.181652108,2.113770652,4.67E-05,8.99E-05,3.445487511,-2.574556028,8.181815633,-35.85262965
8,5.2,-8,8.181652108,2.113770652,0,-5.04E-33,3.222772789,-1.787270042,8.181820305,-35.85255606
9,5.2,-8,8.181652108,2.113770652,0,0,3,-1,8.181820305,-35.85255606
0,5.2,-8,9.138427987,-53.17520371,0.009685167,7.966673029,5.2,-8,9.138427987,-53.17520371
1,5.2,-8,9.138427987,-53.17520371,0.00845987,0.074520079,4.310613415,-8.210000388,9.139396504,-61.25009809
2,5.2,-8,9.138427987,-53.17520371,0.007243853,0.054317915,4.300598069,-7.296115615,9.140242491,-61.18186489
3,5.2,-8,9.138427987,-53.17520371,0.006032854,0.039201469,4.228290422,-6.384955952,9.140966876,-61.13216811
4,5.2,-8,9.138427987,-53.17520371,0.004824566,0.027729191,4.110799676,-5.478441374,9.141570161,-61.09631581
5,5.2,-8,9.138427987,-53.17520371,0.003617725,0.018824939,3.960880869,-4.576661245,9.142052618,-61.07096047
6,5.2,-8,9.138427987,-53.17520371,0.00241162,0.011660683,3.788138647,-3.678924432,9.14241439,-61.05374858
7,5.2,-8,9.138427987,-53.17520371,0.001205818,0.005573162,3.599963581,-2.784258264,9.142655552,-61.04308742
8,5.2,-8,9.138427987,-53.17520371,0,9.30E-30,3.402255993,-1.89162552,9.142776134,-61.03799202
9,5.2,-8,9.138427987,-53.17520371,0,0,3.2,-1,9.142776134,-61.03799202
0,5.2,-8,8.089010988,-29.56683056,1.31E-11,1.27E-09,5.2,-8,8.089010988,-29.56683056
1,5.2,-8,8.089010988,-29.56683056,2.21E-11,2.45E-09,4.977777785,-7.22222222,8.089010988,-29.56683056
2,5.2,-8,8.089010988,-29.56683056,2.63E-11,3.43E-09,4.75555557,-6.44444444,8.089010988,-29.56683056
3,5.2,-8,8.089010988,-29.56683056,2.62E-11,4.10E-09,4.533333353,-5.666666661,8.089010988,-29.56683055
4,5.2,-8,8.089010988,-29.56683056,2.25E-11,4.39E-09,4.311111134,-4.888888882,8.089010988,-29.56683055
5,5.2,-8,8.089010988,-29.56683056,1.56E-11,4.25E-09,4.088888912,-4.111111105,8.089010988,-29.56683055
6,5.2,-8,8.089010988,-29.56683056,6.36E-12,3.44E-09,3.866666687,-3.333333327,8.089010988,-29.56683054
7,5.2,-8,8.089010988,-29.56683056,4.63E-13,1.92E-09,3.64444446,-2.555555551,8.089010988,-29.56683054
8,5.2,-8,8.089010988,-29.56683056,0,-6.74E-27,3.422222231,-1.777777775,8.089010988,-29.56683054
9,5.2,-8,8.089010988,-29.56683056,0,0,3.2,-1,8.089010988,-29.56683054
0,5.2,-8,-15.8840462,-7.243121345,9.004551183,-9.65E-14,5.2,-8,-15.8840462,-7.243121345
1,5.2,-8,-15.8840462,-7.243121345,18.00910237,-2.93E-10,4.288934978,-6.6988506,-14.98359108,-7.243121345
2,5.2,-8,-15.8840462,-7.243121345,27.01365355,-6.86E-07,3.429517574,-5.47146242,-13.18268085,-7.243121344
3,5.2,-8,-15.8840462,-7.243121345,36.01820474,-0.000895672,2.673395407,-4.391596682,-10.48131549,-7.24312044
4,5.2,-8,-15.8840462,-7.243121345,45.02637187,-0.555684913,2.07221532,-3.53301515,-6.879495017,-7.242181657
5,5.2,-8,-15.8840462,-7.243121345,53.86803642,-0.628318541,1.677097111,-2.969848995,-2.376857831,-6.814996307
6,5.2,-8,-15.8840462,-7.243121345,47.32602362,-0.628318541,1.472238079,-2.84931971,3.009945812,-6.642307474
7,5.2,-8,-15.8840462,-7.243121345,23.70542656,-0.108888145,1.754030922,-2.955105019,7.742548173,-6.860992842
8,5.2,-8,-15.8840462,-7.243121345,0,-1.69E-21,2.402594886,-3.377994256,10.11309083,-6.945634801
9,5.2,-8,-15.8840462,-7.243121345,0,0,3.2,-4,10.11309083,-6.945634801
0,5.2,-8,15.88404169,-4.104292612,-9.00442188,-6.279601114,5.2,-8,15.88404169,-4.104292612
1,5.2,-8,15.88404169,-4.104292612,-18.00898125,-0.001954172,4.292534985,-6.696337831,14.9835995,-4.098599441
2,5.2,-8,15.88404169,-4.104292612,-27.01357922,-1.46E-07,3.429525462,-5.471471673,13.18270138,-4.101527497
3,5.2,-8,15.88404169,-4.104292612,-36.0181772,0.000895654,2.673400829,-4.391605156,10.48134346,-4.10152769
4,5.2,-8,15.88404169,-4.104292612,-45.02639105,0.5556799,2.072219056,-3.533021391,6.879525735,-4.100588924
5,5.2,-8,15.88404169,-4.104292612,-53.86811603,0.628318541,1.677099038,-2.969852753,2.37688663,-3.673406445
6,5.2,-8,15.88404169,-4.104292612,-47.32623423,0.628318541,1.47223786,-2.849321436,-3.009924972,-3.500715519
7,5.2,-8,15.88404169,-4.104292612,-23.7055312,0.108887053,1.754028678,-2.955106209,-7.742548395,-3.719399374
8,5.2,-8,15.88404169,-4.104292612,0,1.41E-19,2.402593006,-3.377994929,-10.11310152,-3.804040478
9,5.2,-8,15.88404169,-4.104292612,0,0,3.2,-4,-10.11310152,-3.804040478
0,5.2,-8,15.8840462,2.181656616,-9.004551183,9.65E-14,5.2,-8,15.8840462,2.181656616
1,5.2,-8,15.8840462,2.181656616,-18.00910237,2.93E-10,4.288934978,-6.6988506,14.98359108,2.181656616
2,5.2,-8,15.8840462,2.181656616,-27.01365355,6.86E-07,3.429517574,-5.47146242,13.18268085,2.181656617
3,5.2,-8,15.8840462,2.181656616,-36.01820474,0.000895672,2.673395407,-4.391596682,10.48131549,2.181657521
4,5.2,-8,15.8840462,2.181656616,-45.02637187,0.555684913,2.07221532,-3.53301515,6.879495017,2.182596304
5,5.2,-8,15.8840462,2.181656616,-53.86803642,0.628318541,1.677097111,-2.969848995,2.376857831,2.609781653
6,5.2,-8,15.8840462,2.181656616,-47.32602362,0.628318541,1.472238079,-2.84931971,-3.009945812,2.782470487
7,5.2,-8,15.8840462,2.181656616,-23.70542656,0.108888145,1.754030922,-2.955105019,-7.742548173,2.563785118
8,5.2,-8,15.8840462,2.181656616,0,4.61E-29,2.402594886,-3.377994256,-10.11309083,2.47914316
9,5.2,-8,15.8840462,2.181656616,0,0,3.2,-4,-10.11309083,2.47914316
0,2,-2,10.06023096,-2.290818633,0.000694759,0.145514196,2,-2,10.06023096,-2.290818633
1,2,-2,10.06023096,-2.290818633,0.000979071,0.294851596,1.336626919,-2.75631913,10.06030044,-2.14338592
2,2,-2,10.06023096,-2.290818633,0.000749432,0.435679624,0.791549361,-3.601888113,10.06039835,-1.837850451
3,2,-2,10.06023096,-2.290818633,0.000563177,0.465047939,0.526064368,-4.572266321,10.06047329,-1.36952554
4,2,-2,10.06023096,-2.290818633,-0.000465071,0.224388066,0.727187943,-5.558004895,10.06052961,-0.864739643
5,2,-2,10.06023096,-2.290818633,-0.000416896,0.170080132,1.379953586,-6.323537113,10.0604831,-0.635126696
6,2,-2,10.06023096,-2.290818633,-0.000300367,0.11356568,2.189818991,-6.92040496,10.06044141,-0.462348647
7,2,-2,10.06023096,-2.290818633,-0.000150315,0.056716044,3.090235892,-7.369152349,10.06041137,-0.347602837
8,2,-2,10.06023096,-2.290818633,-3.16E-31,-7.69E-23,4.036107716,-7.711855227,10.06039634,-0.290482904
9,2,-2,10.06023096,-2.290818633,0,0,5,-8,10.06039634,-0.290482904
0,2,-2,-8.42189517,9.849109768,-0.009720856,-7.95811102,2,-2,-8.42189517,9.849109768
1,2,-2,-8.42189517,9.849109768,-0.008492917,-0.065476571,2.767499134,-1.65326052,-8.422867255,1.790449146
2,2,-2,-8.42189517,9.849109768,-0.007272697,-0.049168689,2.95102566,-2.475309753,-8.423716547,1.845678141
3,2,-2,-8.42189517,9.849109768,-0.00605695,-0.036465233,3.179673286,-3.286056488,-8.424443816,1.88712986
4,2,-2,-8.42189517,9.849109768,-0.004843786,-0.026421944,3.44174435,-4.086700787,-8.425049511,1.917863414
5,2,-2,-8.42189517,9.849109768,-0.003632087,-0.018300928,3.728315028,-4.878970841,-8.42553389,1.940129215
6,2,-2,-8.42189517,9.849109768,-0.002421172,-0.011509372,4.032471228,-5.664709487,-8.425897099,1.955550446
7,2,-2,-8.42189517,9.849109768,-0.001210592,-0.005553235,4.348721471,-6.445698093,-8.426139216,1.965248553
8,2,-2,-8.42189517,9.849109768,0,-1.66E-31,4.672540139,-7.223605344,-8.426260275,1.969927834
9,2,-2,-8.42189517,9.849109768,0,0,5,-8,-8.426260275,1.969927834
0,2,-2,-8.425595094,0.493093643,-0.005911801,4.816936732,2,-2,-8.425595094,0.493093643
1,2,-2,-8.425595094,0.493093643,-0.00516728,0.041841943,1.257812338,-2.398828287,-8.426186274,8.522797456
2,2,-2,-8.425595094,0.493093643,-0.00442579,0.032931374,1.780284226,-3.059910186,-8.426703002,8.487520066
3,2,-2,-8.425595094,0.493093643,-0.003686273,0.025477074,2.279145224,-3.739050038,-8.427145581,8.45975974
4,2,-2,-8.425595094,0.493093643,-0.002948025,0.019148952,2.758988493,-4.431811371,-8.427514209,8.438285192
5,2,-2,-8.425595094,0.493093643,-0.002210571,0.013667097,3.223865866,-5.134747347,-8.427809011,8.422145413
6,2,-2,-8.425595094,0.493093643,-0.001473576,0.008789175,3.677353816,-5.84511931,-8.428030068,8.410626328
7,2,-2,-8.425595094,0.493093643,-0.000736791,0.004299607,4.122640704,-6.560686564,-8.428177426,8.403218594
8,2,-2,-8.425595094,0.493093643,0,-7.69E-23,4.562622385,-7.27954529,-8.428251105,8.399594787
9,2,-2,-8.425595094,0.493093643,0,0,5,-8,-8.428251105,8.399594787
0,2,-2,7.453559925,-7.390334017,-1.30E-11,-1.45E-09,2,-2,7.453559925,-7.390334017
1,2,-2,7.453559925,-7.390334017,-2.54E-11,-2.50E-09,2.333333338,-2.666666664,7.453559925,-7.390334019
2,2,-2,7.453559925,-7.390334017,-3.53E-11,-3.11E-09,2.666666676,-3.333333329,7.453559925,-7.39033402
3,2,-2,7.453559925,-7.390334017,-4.11E-11,-3.32E-09,3.000000012,-3.999999994,7.453559925,-7.390334023
4,2,-2,7.453559925,-7.390334017,-4.22E-11,-3.19E-09,3.333333347,-4.66666666,7.453559925,-7.390334025
5,2,-2,7.453559925,-7.390334017,-3.85E-11,-2.76E-09,3.66666668,-5.333333326,7.453559925,-7.390334028
6,2,-2,7.453559925,-7.390334017,-3.01E-11,-2.06E-09,4.000000012,-5.999999994,7.453559925,-7.39033403
7,2,-2,7.453559925,-7.390334017,-1.71E-11,-1.14E-09,4.333333342,-6.666666662,7.453559925,-7.390334031
8,2,-2,7.453559925,-7.390334017,0,7.69E-23,4.666666671,-7.333333331,7.453559925,-7.390334032
9,2,-2,7.453559925,-7.390334017,0,0,5,-8,7.453559925,-7.390334032
0,-2,2,8.425595047,41.27490603,0.005911801,4.816936732,-2,2,8.425595047,41.27490603
1,-2,2,8.425595047,41.27490603,0.00516728,0.041841942,-2.764375238,1.645546877,8.426186227,33.24520226
2,-2,2,8.425595047,41.27490603,0.00442579,0.032931372,-2.979757628,2.460173521,8.426702955,33.28047965
3,-2,2,8.425595047,41.27490603,0.003686273,0.025477071,-3.223752913,3.266746226,8.427145534,33.30823998
4,-2,2,8.425595047,41.27490603,0.002948025,0.019148949,-3.490056019,4.066277635,8.427514162,33.32971452
5,-2,2,8.425595047,41.27490603,0.002210571,0.013667095,-3.773478375,4.859941114,8.427808964,33.3458543
6,-2,2,8.425595047,41.27490603,0.001473576,0.008789173,-4.069683174,5.648954648,8.428030021,33.35737338
7,-2,2,8.425595047,41.27490603,0.000736791,0.004299606,-4.37496484,6.434524508,8.428177379,33.36478112
8,-2,2,8.425595047,41.27490603,0,1.10E-38,-4.686062807,7.217825085,8.428251058,33.36840492
9,-2,2,8.425595047,41.27490603,0,0,-5,8,8.428251058,33.36840492
0,-2,2,-7.453559925,-32.52307525,1.21E-11,1.22E-10,-2,2,-7.453559925,-32.52307525
1,-2,2,-7.453559925,-32.52307525,2.02E-11,1.77E-10,-2.333333334,2.666666667,-7.453559925,-32.52307525
2,-2,2,-7.453559925,-32.52307525,2.49E-11,1.87E-10,-2.666666667,3.333333333,-7.453559925,-32.52307525
3,-2,2,-7.453559925,-32.52307525,2.66E-11,1.73E-10,-3.000000001,4,-7.453559925,-32.52307525
4,-2,2,-7.453559925,-32.52307525,2.57E-11,1.45E-10,-3.333333334,4.666666666,-7.453559925,-32.52307525
5,-2,2,-7.453559925,-32.52307525,2.23E-11,1.10E-10,-3.666666667,5.333333333,-7.453559925,-32.52307525
6,-2,2,-7.453559925,-32.52307525,1.68E-11,7.20E-11,-4.000000001,6,-7.453559925,-32.52307525
7,-2,2,-7.453559925,-32.52307525,9.28E-12,3.48E-11,-4.333333334,6.666666666,-7.453559925,-32.52307525
8,-2,2,-7.453559925,-32.52307525,0,1.03E-14,-4.666666667,7.333333333,-7.453559925,-32.52307525
9,-2,2,-7.453559925,-32.52307525,0,0,-5,8,-7.453559925,-32.52307525
0,-2,2,-8.415365116,-84.30025267,-0.017267118,14.24069392,-2,2,-8.415365116,-84.30025267
1,-2,2,-8.415365116,-84.30025267,-0.015078375,0.107629081,-1.270850694,2.420148776,-8.417091828,-76.20064553
2,-2,2,-8.415365116,-84.30025267,-0.012910423,0.074471049,-1.855811089,3.02537244,-8.418599665,-76.29158935
3,-2,2,-8.415365116,-84.30025267,-0.010752443,0.051266577,-2.383483111,3.681337715,-8.419890708,-76.3543997
4,-2,2,-8.415365116,-84.30025267,-0.008599286,0.034771753,-2.869014728,4.369236431,-8.420965952,-76.39760346
5,-2,2,-8.415365116,-84.30025267,-0.006448455,0.022783135,-3.324440867,5.07755395,-8.421825881,-76.42689644
6,-2,2,-8.415365116,-84.30025267,-0.004298704,0.013733548,-3.758970229,5.798980138,-8.422470726,-76.44608732
7,-2,2,-8.415365116,-84.30025267,-0.002149368,0.006451888,-4.179607828,6.52866784,-8.422900596,-76.45765509
8,-2,2,-8.415365116,-84.30025267,0,7.69E-23,-4.59179765,7.263209939,-8.423115533,-76.46308952
9,-2,2,-8.415365116,-84.30025267,0,0,-5,8,-8.423115533,-76.46308952
0,-2,2,-7.489928831,-39.09225117,-0.006628135,23.58552675,-2,2,-7.489928831,-39.09225117
1,-2,2,-7.489928831,-39.09225117,-0.005799209,0.010624324,-2.132364975,2.737204078,-7.490591644,-7.33671692
2,-2,2,-7.489928831,-39.09225117,-0.004970499,0.008502194,-2.502778139,3.388267608,-7.491171565,-7.344675467
3,-2,2,-7.489928831,-39.09225117,-0.004141934,0.006675733,-2.868026382,4.04230907,-7.491668615,-7.35104476
4,-2,2,-7.489928831,-39.09225117,-0.003313467,0.005081484,-3.229125422,4.698707174,-7.492082809,-7.356046072
5,-2,2,-7.489928831,-39.09225117,-0.002485063,0.003664029,-3.586956889,5.356939419,-7.492414155,-7.359853195
6,-2,2,-7.489928831,-39.09225117,-0.001656697,0.002374074,-3.942295512,6.016558371,-7.492662662,-7.36259845
7,-2,2,-7.489928831,-39.09225117,-0.000828349,0.001166737,-4.295833703,6.677172241,-7.492828331,-7.364377267
8,-2,2,-7.489928831,-39.09225117,0,6.20E-29,-4.648204015,7.338428566,-7.492911166,-7.365251483
9,-2,2,-7.489928831,-39.09225117,0,0,-5,8,-7.492911166,-7.365251483
0,-2,2,-7.94698063,0.300443572,-0.002065448,-1.669996947,-2,2,-7.94698063,0.300443572
1,-2,2,-7.94698063,0.300443572,-0.001806584,-0.013901618,-2.759099817,1.764813926,-7.947187175,-7.684280083
2,-2,2,-7.94698063,0.300443572,-0.00154804,-0.01159809,-2.893318427,2.54811668,-7.947367833,-7.673231495
3,-2,2,-7.94698063,0.300443572,-0.001289741,-0.009444432,-3.036186305,3.329906501,-7.947522637,-7.664013653
4,-2,2,-7.94698063,0.300443572,-0.001031624,-0.00741291,-3.186257351,4.110361395,-7.947651611,-7.656507446
5,-2,2,-7.94698063,0.300443572,-0.000773637,-0.005477307,-3.3421849,4.889680496,-7.947754774,-7.650615815
6,-2,2,-7.94698063,0.300443572,-0.000515731,-0.003612607,-3.50270326,5.668077512,-7.947832138,-7.646262542
7,-2,2,-7.94698063,0.300443572,-0.000257866,-0.001794684,-3.666610258,6.445775945,-7.947883711,-7.64339129
8,-2,2,-7.94698063,0.300443572,0,3.14E-31,-3.832750624,7.223005598,-7.947909497,-7.641964895
9,-2,2,-7.94698063,0.300443572,0,0,-4,8,-7.947909497,-7.641964895
0,-2,2,7.64070131,-3.002432689,0.005924238,4.807423648,-2,2,7.64070131,-3.002432689
1,-2,2,7.64070131,-3.002432689,0.005179279,0.035253834,-2.756683771,1.894014879,7.641293734,-11.01812323
2,-2,2,7.64070131,-3.002432689,0.00443663,0.028302186,-2.739454925,2.657949998,7.641811662,-10.99117357
3,-2,2,7.64070131,-3.002432689,0.003695564,0.022285173,-2.742817859,3.422123764,7.642255325,-10.9695398
4,-2,2,7.64070131,-3.002432689,0.002955567,0.017004148,-2.762711835,4.186090317,7.642624881,-10.95250608
5,-2,2,7.64070131,-3.002432689,0.002216266,0.012284749,-2.795617077,4.949644111,7.642920438,-10.93950919
6,-2,2,7.64070131,-3.002432689,0.001477382,0.00797113,-2.838444738,5.712735272,7.643142064,-10.93011958
7,-2,2,7.64070131,-3.002432689,0.000738693,0.003920814,-2.888436982,6.47541278,7.643289803,-10.92402701
8,-2,2,7.64070131,-3.002432689,0,1.04E-35,-2.943075997,7.23778629,7.643363672,-10.9210302
9,-2,2,7.64070131,-3.002432689,0,0,-3,8,7.643363672,-10.9210302
0,-2,2,6.478835439,-12.02595111,-2.10E-12,-6.61E-10,-2,2,6.478835439,-12.02595111
1,-2,2,6.478835439,-12.02595111,-5.01E-12,-1.13E-09,-1.444444445,2.333333335,6.478835439,-12.02595111
2,-2,2,6.478835439,-12.02595111,-7.89E-12,-1.39E-09,-0.888888891,2.66666667,6.478835439,-12.02595111
3,-2,2,6.478835439,-12.02595111,-1.00E-11,-1.48E-09,-0.333333336,3.000000004,6.478835439,-12.02595111
4,-2,2,6.478835439,-12.02595111,-1.10E-11,-1.42E-09,0.22222222,3.333333338,6.478835439,-12.02595111
5,-2,2,6.478835439,-12.02595111,-1.06E-11,-1.22E-09,0.777777775,3.666666671,6.478835439,-12.02595112
6,-2,2,6.478835439,-12.02595111,-8.58E-12,-9.11E-10,1.333333331,4.000000004,6.478835439,-12.02595112
7,-2,2,6.478835439,-12.02595111,-5.06E-12,-4.99E-10,1.888888887,4.333333336,6.478835439,-12.02595112
8,-2,2,6.478835439,-12.02595111,0,5.35E-15,2.444444444,4.666666668,6.478835439,-12.02595112
9,-2,2,6.478835439,-12.02595111,0,0,3,5,6.478835439,-12.02595112
0,-2,2,-6.478835439,9.965197464,2.10E-12,6.61E-10,-2,2,-6.478835439,9.965197464
1,-2,2,-6.478835439,9.965197464,5.01E-12,1.13E-09,-1.444444445,2.333333335,-6.478835439,9.965197464
2,-2,2,-6.478835439,9.965197464,7.89E-12,1.39E-09,-0.888888891,2.66666667,-6.478835439,9.965197463
3,-2,2,-6.478835439,9.965197464,1.00E-11,1.48E-09,-0.333333336,3.000000004,-6.478835439,9.965197462
4,-2,2,-6.478835439,9.965197464,1.10E-11,1.42E-09,0.22222222,3.333333338,-6.478835439,9.965197461
5,-2,2,-6.478835439,9.965197464,1.06E-11,1.22E-09,0.777777775,3.666666671,-6.478835439,9.96519746
6,-2,2,-6.478835439,9.965197464,8.58E-12,9.11E-10,1.333333331,4.000000004,-6.478835439,9.965197459
7,-2,2,-6.478835439,9.965197464,5.06E-12,4.99E-10,1.888888887,4.333333336,-6.478835439,9.965197459
8,-2,2,-6.478835439,9.965197464,0,3.81E-30,2.444444444,4.666666668,-6.478835439,9.965197458
9,-2,2,-6.478835439,9.965197464,0,0,3,5,-6.478835439,9.965197458
0,-2,2,9.770314265,-0.70715545,5.98E-05,-0.019809587,-2,2,9.770314265,-0.70715545
1,-2,2,9.770314265,-0.70715545,0.000111562,-0.03954391,-1.257248029,1.365248145,9.770320241,-0.726512571
2,-2,2,9.770314265,-0.70715545,0.000151592,-0.059103934,-0.526920961,0.716238167,9.770331397,-0.765168388
3,-2,2,9.770314265,-0.70715545,0.000176357,-0.078343287,0.177779561,0.039487896,9.770346557,-0.822982226
4,-2,2,9.770314265,-0.70715545,0.000182862,-0.097045828,0.842199995,-0.676851552,9.770364192,-0.899683319
5,-2,2,9.770314265,-0.70715545,0.00016892,-0.114906645,1.44977791,-1.441998101,9.770382479,-0.994799412
6,-2,2,9.770314265,-0.70715545,0.000133506,-0.131520791,1.98194243,-2.261390963,9.77039937,-1.107564336
7,-2,2,9.770314265,-0.70715545,6.68E-05,-0.064763606,2.418524731,-3.135463576,9.770412721,-1.236811489
8,-2,2,9.770314265,-0.70715545,0,-1.35E-22,2.738808895,-4.058517042,9.770419402,-1.300176821
9,-2,2,9.770314265,-0.70715545,0,0,3,-5,9.770419402,-1.300176821
0.0,-2.0,2.0,6.6782607404153635,-4.231235903276269,-0.0018669724904187056,-1.4917608233612503,-2.0,2.0,6.6782607404153635,-4.231235903276269
1.0,-2.0,2.0,6.6782607404153635,-4.231235903276269,-0.0016338966599828558,-0.008283889593931672,-2.3090710035485937,2.5920023479135934,6.678074043166322,-12.663331807093988
2.0,-2.0,2.0,6.6782607404153635,-4.231235903276269,-0.0014007013359724687,-0.007210323100183947,-1.6444003271936551,2.527352357550203,6.677910653500323,-12.668863976446302
3.0,-2.0,2.0,6.6782607404153635,-4.231235903276269,-0.0011674008843868182,-0.006086671795217703,-0.9801137279949882,2.4590279762035645,6.677770583366726,-12.673679049234401
4.0,-2.0,2.0,6.6782607404153635,-4.231235903276269,-0.0009340125883596725,-0.004920771993886194,-0.31617774154201794,2.3875073111234544,6.6776538432782875,-12.677743639215395
5.0,-2.0,2.0,6.6782607404153635,-4.231235903276269,-0.0007005561661970055,-0.0037207382350682087,0.34745045745122105,2.313289914190641,6.677560442019451,-12.6810295869391
6.0,-2.0,2.0,6.6782607404153635,-4.231235903276269,-0.0004670532232118747,-0.0024949086605472056,1.0108219208557905,2.2368933428754945,6.677490386402831,-12.683514143849786
7.0,-2.0,2.0,6.6782607404153635,-4.231235903276269,-0.00023352665234876852,-0.0012517896581159139,1.673994567774499,2.158849643681667,6.6774436810805105,-12.685180120166024
8.0,-2.0,2.0,6.6782607404153635,-4.231235903276269,0.0,-8.678674792120949e-35,2.337031637881756,2.0797017769788644,6.677420328415276,-12.686015996096886
9.0,-2.0,2.0,6.6782607404153635,-4.231235903276269,0.0,0.0,3.0,2.0,6.677420328415276,-12.686015996096886
0.0,-2.0,2.0,5.555555555546584,2.2206215252615473e-09,8.01605405829214e-12,-5.211111447434922e-10,-2.0,2.0,5.555555555546584,2.2206215252615473e-09
1.0,-2.0,2.0,5.555555555546584,2.2206215252615473e-09,1.2574206880671746e-11,-9.314190462188902e-10,-1.4444444444444597,2.0000000012337247,5.555555555547385,1.931105259694587e-09
2.0,-2.0,2.0,5.555555555546584,2.2206215252615473e-09,1.4165810745821518e-11,-1.2097717758595864e-09,-0.888888888889042,2.0000000023066007,5.555555555548643,1.4136322183403218e-09
3.0,-2.0,2.0,5.555555555546584,2.2206215252615473e-09,1.354136348266302e-11,-1.347511481489069e-09,-0.3333333333337952,2.0000000030919822,5.555555555550059,7.415123045003747e-10
4.0,-2.0,2.0,5.555555555546584,2.2206215252615473e-09,1.1448210930182471e-11,-1.341323539577741e-09,0.2222222222213246,2.00000000350395,5.555555555551413,-7.133124974798618e-12
5.0,-2.0,2.0,5.555555555546584,2.2206215252615473e-09,8.587536520841606e-12,-1.193846898452507e-09,0.7777777777764661,2.000000003499988,5.555555555552558,-7.523411425446057e-10
6.0,-2.0,2.0,5.555555555546584,2.2206215252615473e-09,5.4735783745088325e-12,-9.14125815336929e-10,1.3333333333318198,2.0000000030820053,5.555555555553417,-1.415614903940426e-09
7.0,-2.0,2.0,5.555555555546584,2.2206215252615473e-09,2.5134065093272998e-12,-5.126600513224246e-10,1.8888888888875333,2.0000000022955233,5.555555555553965,-1.923482295552862e-09
8.0,-2.0,2.0,5.555555555546584,2.2206215252615473e-09,0.0,-1.113841274090119e-14,2.4444444444436355,2.000000001226882,5.555555555554216,-2.208304601777105e-09
9.0,-2.0,2.0,5.555555555546584,2.2206215252615473e-09,0.0,0.0,3.0,2.0,5.555555555554216,-2.2083108835877412e-09
0.0,-2.0,2.0,6.281052215637805,7.831694042204375,0.005939604624476648,4.790799837628668,-2.0,2.0,6.281052215637805,7.831694042204375
1.0,-2.0,2.0,6.281052215637805,7.831694042204375,0.005194454799460179,0.02466005587919122,-1.9860022060800715,2.6279492268824307,6.281646176100252,-0.16231933462225154
2.0,-2.0,2.0,6.281052215637805,7.831694042204375,0.004450612346284472,0.020352519779514144,-1.3660947393927543,2.526433121940378,6.282165621580198,-0.1468256192513649
3.0,-2.0,2.0,6.281052215637805,7.831694042204375,0.0037077377282283587,0.01641879931843257,-0.7446374928710182,2.434525887647695,6.282610682814826,-0.13403806355179346
4.0,-2.0,2.0,6.281052215637805,7.831694042204375,0.0029655630308264833,0.012786797095475705,-0.12201171272615693,2.350566922568353,6.282981456587649,-0.12372184412835285
5.0,-2.0,2.0,6.281052215637805,7.831694042204375,0.0022238721423715148,0.009389861560823555,0.5014838541393801,2.273030879741002,6.283278012890732,-0.11568748533905635
6.0,-2.0,2.0,6.281052215637805,7.831694042204375,0.0014824847633848129,0.006165591496434157,1.125611700594162,2.200503249469649,6.28350040010497,-0.10978740086464195
7.0,-2.0,2.0,6.281052215637805,7.831694042204375,0.0007412430635164877,0.00305471146761511,1.7501787053185747,2.1316568305979002,6.283648648581307,-0.10591320210754875
8.0,-2.0,2.0,6.281052215637805,7.831694042204375,0.0,-6.196375526883963e-32,2.375022488675163,2.065229051845861,6.283722772887659,-0.10399372277772656
9.0,-2.0,2.0,6.281052215637805,7.831694042204375,0.0,0.0,3.0,2.0,6.283722772887659,-0.10399372277772656
0.0,-2.0,-2.0,5.5555555554990885,3.763427115330596e-09,3.343530968676721e-11,-6.15064740915551e-10,-2.0,-2.0,5.5555555554990885,3.763427115330596e-09
1.0,-2.0,-2.0,5.5555555554990885,3.763427115330596e-09,6.033308245586368e-11,-1.21867888083282e-09,-1.4444444444457076,-1.9999999979085596,5.555555555502432,3.421634623206779e-09
2.0,-2.0,-2.0,5.5555555554990885,3.763427115330596e-09,8.013859721744968e-11,-1.7860586312713801e-09,-0.8888888888917382,-1.9999999960070554,5.555555555508465,2.744401125679374e-09
3.0,-2.0,-2.0,5.5555555554990885,3.763427115330596e-09,9.181700473902658e-11,-2.2947856896186463e-09,-0.3333333333383811,-1.9999999944819002,5.555555555516479,1.751860889766603e-09
4.0,-2.0,-2.0,5.5555555554990885,3.763427115330596e-09,9.30116023370532e-11,-2.7055296325104548e-09,0.2222222222143949,-1.9999999935083188,5.555555555525661,4.766006393331263e-10
5.0,-2.0,-2.0,5.5555555554990885,3.763427115330596e-09,7.768334776338956e-11,-2.8281864442486277e-09,0.7777777777670943,-1.9999999932434291,5.555555555534963,-1.0269379750789804e-09
6.0,-2.0,-2.0,5.5555555554990885,3.763427115330596e-09,5.108270200657786e-11,-2.3345402745359775e-09,1.3333333333208377,-1.9999999938141013,5.555555555542731,-2.5986835817826447e-09
7.0,-2.0,-2.0,5.5555555554990885,3.763427115330596e-09,2.4085786959009577e-11,-1.3319594079383583e-09,1.8888888888773165,-1.9999999952582628,5.55555555554784,-3.896087519424289e-09
8.0,-2.0,-2.0,5.5555555554990885,3.763427115330596e-09,0.0,4.852475737476706e-31,2.4444444444374067,-1.9999999974234495,5.5555555555502485,-4.636302891511176e-09
9.0,-2.0,-2.0,5.5555555554990885,3.763427115330596e-09,0.0,0.0,3.0,-2.0,5.5555555555502485,-4.636302891511176e-09
0.0,-2.0,-2.0,5.555555555515342,3.7467677217495636e-09,3.341472822704793e-11,-6.136994766158323e-10,-2.0,-2.0,5.555555555515342,3.7467677217495636e-09
1.0,-2.0,-2.0,5.555555555515342,3.7467677217495636e-09,6.028803012928721e-11,-1.2149219079173637e-09,-1.4444444444462858,-1.9999999979184315,5.5555555555186835,3.4058186604578196e-09
2.0,-2.0,-2.0,5.555555555515342,3.7467677217495636e-09,8.006308598635273e-11,-1.7799088394321936e-09,-0.8888888888926058,-1.9999999960262826,5.5555555555247125,2.7308523426414425e-09
3.0,-2.0,-2.0,5.555555555515342,3.7467677217495636e-09,9.170048227349027e-11,-2.285814555274313e-09,-0.33333333333896326,-1.9999999945091214,5.5555555555327185,1.7420004156513657e-09
4.0,-2.0,-2.0,5.555555555515342,3.7467677217495636e-09,9.283713622422319e-11,-2.693213693707531e-09,0.2222222222147908,-1.9999999935413304,5.555555555541889,4.720868022995493e-10
5.0,-2.0,-2.0,5.555555555515342,3.7467677217495636e-09,7.744525411026223e-11,-2.8116217704157605e-09,0.7777777777690172,-1.9999999932790566,5.555555555551173,-1.0241613578992116e-09
6.0,-2.0,-2.0,5.555555555515342,3.7467677217495636e-09,5.0924965838999945e-11,-2.320860215118873e-09,1.3333333333242938,-1.9999999938480413,5.555555555558917,-2.5861912507121956e-09
7.0,-2.0,-2.0,5.555555555515342,3.7467677217495636e-09,2.401248771696324e-11,-1.3249304201041e-09,1.8888888888812314,-1.9999999952848293,5.55555555556401,-3.875571739860072e-09
8.0,-2.0,-2.0,5.555555555515342,3.7467677217495636e-09,0.0,-5.697220552032024e-18,2.4444444444399998,-1.9999999974379463,5.555555555566412,-4.611651630009917e-09
9.0,-2.0,-2.0,5.555555555515342,3.7467677217495636e-09,0.0,0.0,3.0,-2.0,5.555555555566412,-4.6116516331892556e-09
0.0,-2.0,-2.0,5.555555555515157,3.746919227496226e-09,3.3414933919168953e-11,-6.137073450562392e-10,-2.0,-2.0,5.555555555515157,3.746919227496226e-09
1.0,-2.0,-2.0,5.555555555515157,3.746919227496226e-09,6.028848938514476e-11,-1.2149523418477928e-09,-1.4444444444462787,-1.999999997918343,5.555555555518499,3.405965111457442e-09
2.0,-2.0,-2.0,5.555555555515157,3.746919227496226e-09,8.006387503482578e-11,-1.7799626125514382e-09,-0.888888888892595,-1.9999999960261086,5.555555555524528,2.730980498670458e-09
3.0,-2.0,-2.0,5.555555555515157,3.746919227496226e-09,9.170172395438718e-11,-2.2858976538725315e-09,-0.3333333333389555,-1.9999999945088727,5.555555555532534,1.7420966517316548e-09
4.0,-2.0,-2.0,5.555555555515157,3.746919227496226e-09,9.28390158908786e-11,-2.6933328080960566e-09,0.22222222221478724,-1.9999999935410262,5.555555555541703,4.721342271328532e-10
5.0,-2.0,-2.0,5.555555555515157,3.746919227496226e-09,7.744769878088805e-11,-2.8117847365355633e-09,0.777777777768996,-1.9999999932787256,5.5555555555509875,-1.024183249566848e-09
6.0,-2.0,-2.0,5.555555555515157,3.746919227496226e-09,5.092659458929715e-11,-2.3209983614932313e-09,1.3333333333242554,-1.9999999938477235,5.555555555558732,-2.5863070041421725e-09
7.0,-2.0,-2.0,5.555555555515157,3.746919227496226e-09,2.401322750477279e-11,-1.3250035079934563e-09,1.8888888888811877,-1.9999999952845788,5.555555555563824,-3.8757669874672505e-09
8.0,-2.0,-2.0,5.555555555515157,3.746919227496226e-09,0.0,-1.308765693708346e-29,2.4444444444399704,-1.9999999974378089,5.555555555566226,-4.6118890417686335e-09
9.0,-2.0,-2.0,5.555555555515157,3.746919227496226e-09,0.0,0.0,3.0,-2.0,5.555555555566226,-4.6118890417686335e-09
0.0,2.0,2.0,-5.8831752379367535,29.940383324564344,0.0034294015181287386,14.124647492708837,2.0,2.0,-5.8831752379367535,29.940383324564344
1.0,2.0,2.0,-5.8831752379367535,29.940383324564344,0.0030007455371422378,0.001981120711179439,1.9440456264175394,2.5856505929285145,-5.88283229778494,-17.049449261534278
2.0,2.0,2.0,-5.8831752379367535,29.940383324564344,0.0025720819183116077,0.0017312591318778014,2.077765913063276,2.0127666226705303,-5.882532223231226,-17.05061472314962
3.0,2.0,2.0,-5.8831752379367535,29.940383324564344,0.0021434114800149098,0.0014663380916308442,2.210811647954738,1.4397564255523452,-5.8822750150393945,-17.051633142930193
4.0,2.0,2.0,-5.8831752379367535,29.940383324564344,0.001714735277807061,0.001188665395305132,2.3432679572509163,0.8666360894498887,-5.8820606738913925,-17.052495683940492
5.0,2.0,2.0,-5.8831752379367535,29.940383324564344,0.0012860545675486442,0.0009006581951802169,2.4752250690509645,0.2934226053444921,-5.881889200363612,-17.053194864467514
6.0,2.0,2.0,-5.8831752379367535,29.940383324564344,0.0008573707618867826,0.0006048222171868235,2.6067775338015355,-0.27986628751292886,-5.881760594906858,-17.053724621782013
7.0,2.0,2.0,-5.8831752379367535,29.940383324564344,0.0004286853810407919,0.00030373023444509576,2.738023406414455,-0.8532122545196673,-5.881674857830669,-17.05408036377388
8.0,2.0,2.0,-5.8831752379367535,29.940383324564344,0.0,-7.69461812889652e-23,2.869063397322926,-1.4265965167021948,-5.881631989292565,-17.05425900802778
9.0,2.0,2.0,-5.8831752379367535,29.940383324564344,0.0,0.0,3.0,-2.0,-5.881631989292565,-17.05425900802778
0.0,2.0,2.0,4.644257201752383,-26.934223591671707,0.003654520470834253,-7.877932616719629,2.0,2.0,4.644257201752383,-26.934223591671707
1.0,2.0,2.0,4.644257201752383,-26.934223591671707,0.0031976119282931606,-0.003909775404920422,1.8938111767759926,1.54787702626075,4.644622653799467,-7.547256641403523
2.0,2.0,2.0,4.644257201752383,-26.934223591671707,0.002740744847931239,-0.0033188787356235178,2.0340500337368232,1.105092361936966,4.644942414992296,-7.549072593798314
3.0,2.0,2.0,4.644257201752383,-26.934223591671707,0.0022839112229156057,-0.0027430365829776227,2.1734941834724766,0.6620232595493735,4.645216489477089,-7.550614199519478
4.0,2.0,2.0,4.644257201752383,-26.934223591671707,0.0018271036552193294,-0.0021796401592604248,2.3122633174971297,0.21871355992257732,4.64544488059938,-7.5518884025919215
5.0,2.0,2.0,4.644257201752383,-26.934223591671707,0.0013703152214020178,-0.0016261348440000218,2.450474267517645,-0.2247944046973505,4.645627590964902,-7.552900944017317
6.0,2.0,2.0,4.644257201752383,-26.934223591671707,0.0009135393462947903,-0.0010800090960993568,2.5882414948992976,-0.6684595353972014,4.645764622487043,-7.553656386372968
7.0,2.0,2.0,4.644257201752383,-26.934223591671707,0.0004567696835497201,-0.0005387835091564605,2.7256775733859944,-1.112241704491155,4.6458559764216725,-7.554158133373101
8.0,2.0,2.0,4.644257201752383,-26.934223591671707,0.0,2.1893965425339597e-37,2.8628936663631706,-1.5561015037123218,4.645901653390028,-7.554408444455916
9.0,2.0,2.0,4.644257201752383,-26.934223591671707,0.0,0.0,3.0,-2.0,4.645901653390028,-7.554408444455916
0.0,2.0,2.0,6.281052247104525,6.904398864040508,0.005939604617664422,4.790799837635777,2.0,2.0,6.281052247104525,6.904398864040508
1.0,2.0,2.0,6.281052247104525,6.904398864040508,0.005194454799585301,0.024660055667873833,2.51075804573977,2.3655713231326727,6.281646207566292,-1.0896145520923892
2.0,2.0,2.0,6.281052247104525,6.904398864040508,0.004450612351583098,0.020352519416444743,2.8014896435539085,1.808735684184189,6.282165653046251,-1.074120836776696
3.0,2.0,2.0,6.281052247104525,6.904398864040508,0.0037077377369290733,0.016418798861783962,3.1008382057985115,1.256425543768579,6.282610714281409,-1.0613332812412357
4.0,2.0,2.0,6.281052247104525,6.904398864040508,0.002965563041165571,0.012786796603379207,3.407246503531382,0.7079495379544885,6.282981488055102,-1.0510170620530825
5.0,2.0,2.0,6.281052247104525,6.904398864040508,0.002223872152657656,0.009389861091663563,3.7193150109976507,0.16263145605865884,6.283278044359218,-1.042982703532766
6.0,2.0,2.0,6.281052247104525,6.904398864040508,0.0014824847718764682,0.006165591113516228,4.035769616138488,-0.3801874020479915,6.283500431574485,-1.0370826193235934
7.0,2.0,2.0,6.281052247104525,6.904398864040508,0.0007412430685354301,0.0030547112396992326,4.355432685234238,-0.9211488600075253,6.283648680051672,-1.0332084207876873
8.0,2.0,2.0,6.281052247104525,6.904398864040508,0.0,-2.947201093444015e-17,4.677196733497224,-1.4608805568677008,6.2837228043585265,-1.0312889415914466
9.0,2.0,2.0,6.281052247104525,6.904398864040508,0.0,0.0,5.0,-2.0,6.2837228043585265,-1.0312889415914464
0.0,-2.0,2.0,7.77777777763673,6.474091149065935e-09,6.18201374825576e-12,-1.0967807480868423e-09,-2.0,2.0,7.77777777763673,6.474091149065935e-09
1.0,-2.0,2.0,7.77777777763673,6.474091149065935e-09,8.895614281471059e-12,-1.965697429287857e-09,-1.2222222222098076,2.0000000050413815,7.777777777637348,5.620240278697706e-09
2.0,-2.0,2.0,7.77777777763673,6.474091149065935e-09,8.77839089773344e-12,-2.544146043258634e-09,-0.4444444444251152,2.0000000094179935,7.777777777638238,4.089752657363403e-09
3.0,-2.0,2.0,7.77777777763673,6.474091149065935e-09,6.889073112862167e-12,-2.80961510324023e-09,0.3333333333503201,2.0000000126028668,7.777777777639115,2.1087761804620806e-09
4.0,-2.0,2.0,7.77777777763673,6.474091149065935e-09,4.287008834232764e-12,-2.7618830108014776e-09,1.1111111111175211,2.0000000142451304,7.777777777639804,-7.898734326426366e-11
5.0,-2.0,2.0,7.77777777763673,6.474091149065935e-09,1.862694362801208e-12,-2.4234454131945243e-09,1.8888888888815016,2.000000014183687,7.777777777640232,-2.22960875914438e-09
6.0,-2.0,2.0,7.77777777763673,6.474091149065935e-09,1.399061304695401e-13,-1.8283909282070727e-09,2.666666666648832,2.0000000124474377,7.777777777640418,-4.116672752593867e-09
7.0,-2.0,2.0,7.77777777763673,6.474091149065935e-09,-5.440139426996828e-13,-1.010652857255116e-09,3.44444444442439,2.000000009241645,7.777777777640432,-5.540344750578777e-09
8.0,-2.0,2.0,7.77777777763673,6.474091149065935e-09,0.0,-6.27580204282448e-21,4.222222222209172,2.0000000049272053,7.777777777640377,-6.327259169751478e-09
9.0,-2.0,2.0,7.77777777763673,6.474091149065935e-09,0.0,0.0,5.0,2.0,7.777777777640377,-6.3272591697582546e-09
0.0,-2.0,2.0,7.777777777673746,6.450227681107489e-09,6.173390326288212e-12,-1.0942001031576088e-09,-2.0,2.0,7.777777777673746,6.450227681107489e-09
1.0,-2.0,2.0,7.777777777673746,6.450227681107489e-09,8.878859781487382e-12,-1.9598286676441908e-09,-1.2222222222132635,2.0000000050194107,7.777777777674364,5.5988127068794106e-09
2.0,-2.0,2.0,7.777777777673746,6.450227681107489e-09,8.756070597350906e-12,-2.5360667028477613e-09,-0.4444444444306024,2.0000000093763184,7.777777777675253,4.0737730103898495e-09
3.0,-2.0,2.0,7.777777777673746,6.450227681107489e-09,6.8656155416035435e-12,-2.8003680077387677e-09,0.33333333334540205,2.0000000125465065,7.777777777676128,2.1002877011402384e-09
4.0,-2.0,2.0,7.777777777673746,6.450227681107489e-09,4.267253930760181e-12,-2.7527133762038497e-09,1.1111111111154521,2.0000000141809737,7.777777777676815,-7.89044225916388e-11
5.0,-2.0,2.0,7.777777777673746,6.450227681107489e-09,1.849258505399984e-12,-2.4155231876506767e-09,1.8888888888831339,2.0000000141196135,7.777777777677242,-2.221030976775108e-09
6.0,-2.0,2.0,7.777777777673746,6.450227681107489e-09,1.3317253738638886e-13,-1.8226506600588185e-09,2.666666666653192,2.0000000123912547,7.777777777677427,-4.100763166974763e-09
7.0,-2.0,2.0,7.777777777673746,6.450227681107489e-09,-5.458286985279804e-13,-1.0076810178955685e-09,3.444444444429271,2.0000000092000896,7.77777777767744,-5.519124955536714e-09
8.0,-2.0,2.0,7.777777777673746,6.450227681107489e-09,0.0,-2.3133448663140437e-13,4.222222222212288,2.00000000490516,7.777777777677386,-6.3032856753175595e-09
9.0,-2.0,2.0,7.777777777673746,6.450227681107489e-09,0.0,0.0,5.0,2.0,7.777777777677386,-6.303493430340292e-09
0.0,-2.0,-2.0,8.958064164492463,0.5191461289084612,6.728735622321358e-12,-2.1318526263078886e-09,-2.0,-2.0,8.958064164492463,0.5191461289084612
1.0,-2.0,-2.0,8.958064164492463,0.5191461289084612,8.140304328009998e-12,-3.935629528762058e-09,-1.2222222287138162,-1.5555555441348907,8.958064164493134,0.5191461269983983
2.0,-2.0,-2.0,8.958064164492463,0.5191461289084612,3.872685299254689e-12,-5.247610929454424e-09,-0.44444445659046355,-1.1111110897624463,8.958064164493948,0.519146123472199
3.0,-2.0,-2.0,8.958064164492463,0.5191461289084612,-4.585731079009634e-12,-5.720421785352927e-09,0.33333331708216407,-0.6666666381435027,8.958064164494335,0.5191461187704957
4.0,-2.0,-2.0,8.958064164492463,0.5191461289084612,-1.1175697232102122e-11,-5.334904318679375e-09,1.111111092829374,-0.222222190190935,8.958064164493877,0.5191461136451616
5.0,-2.0,-2.0,8.958064164492463,0.5191461289084612,-1.3602028582127417e-11,-4.417818441292686e-09,1.888888870850056,0.22222225377174276,8.958064164492757,0.5191461088652454
6.0,-2.0,-2.0,8.958064164492463,0.5191461289084612,-1.2224344180163929e-11,-3.1620504484848955e-09,2.6666666510023216,0.6666666940199054,8.958064164491399,0.5191461049070165
7.0,-2.0,-2.0,8.958064164492463,0.5191461289084612,-7.54707111477313e-12,-1.6698248853926718e-09,3.4444444329278356,1.1111111311967232,8.958064164490175,0.5191461020739209
8.0,-2.0,-2.0,8.958064164492463,0.5191461289084612,0.0,3.186487901043355e-17,4.222222216126928,1.5555555661777363,8.95806416448942,0.5191461005778131
9.0,-2.0,-2.0,8.958064164492463,0.5191461289084612,0.0,0.0,5.0,2.0,8.95806416448942,0.5191461005778132
0.0,2.0,-2.0,-8.958064164793726,-6.802331420707936,2.5889196782784357e-11,6.147685721207691e-10,2.0,-2.0,-8.958064164793726,-6.802331420707936
1.0,2.0,-2.0,-8.958064164793726,-6.802331420707936,4.7468123724101475e-11,5.930035507128918e-10,1.2222222219014076,-1.5555555561132086,-8.958064164791137,-6.8023314212586525
2.0,2.0,-2.0,-8.958064164793726,-6.802331420707936,5.735903549610389e-11,2.3180518579975317e-10,0.4444444440478998,-1.1111111117982635,-8.95806416478639,-6.802331421789871
3.0,2.0,-2.0,-8.958064164793726,-6.802331420707936,5.892845083689693e-11,-7.09687949399222e-11,-0.3333333335691219,-0.6666666670703677,-8.958064164780652,-6.8023314219975255
4.0,2.0,-2.0,-8.958064164793726,-6.802331420707936,5.465627396037826e-11,-2.614257829814917e-10,-1.111111111093393,-0.22222222218122548,-8.95806416477476,-6.802331421933951
5.0,2.0,-2.0,-8.958064164793726,-6.802331420707936,4.5872126678619354e-11,-3.3889676817686045e-10,-1.8888888886453918,0.22222222265816846,-8.958064164769294,-6.802331421699763
6.0,2.0,-2.0,-8.958064164793726,-6.802331420707936,3.347205171521868e-11,-3.1455447701526974e-10,-2.6666666663009626,0.6666666673151224,-8.958064164764707,-6.8023314213961745
7.0,2.0,-2.0,-8.958064164793726,-6.802331420707936,1.8044426069480256e-11,-1.9833865069822227e-10,-3.4444444440910504,1.1111111117357158,-8.958064164761359,-6.802331421114393
8.0,2.0,-2.0,-8.958064164793726,-6.802331420707936,0.0,3.8222997135367655e-32,-4.222222222006105,1.55555555593699,-8.958064164759556,-6.802331420936719
9.0,2.0,-2.0,-8.958064164793726,-6.802331420707936,0.0,0.0,-5.0,2.0,-8.958064164759556,-6.802331420936719
0.0,2.0,-2.0,8.958064164793722,-3.660738767118138,-2.588928037188665e-11,-6.147693344112463e-10,2.0,-2.0,8.958064164793722,-3.660738767118138
1.0,2.0,-2.0,8.958064164793722,-3.660738767118138,-4.7468308698488135e-11,-5.930046173819058e-10,1.222222221901406,-1.5555555561132108,8.958064164791134,-3.6607387676688536
2.0,2.0,-2.0,8.958064164793722,-3.660738767118138,-5.7359249017115526e-11,-2.3181084969133105e-10,0.4444444440478958,-1.1111111117982702,8.958064164786387,-3.660738768200072
3.0,2.0,-2.0,8.958064164793722,-3.660738767118138,-5.892865046949314e-11,7.09641340838361e-11,-0.33333333356912875,-0.6666666670703806,8.958064164780652,-3.66073876840773
4.0,2.0,-2.0,8.958064164793722,-3.660738767118138,-5.465644058425272e-11,2.614236287253233e-10,-1.111111111093401,-0.22222222218124066,8.95806416477476,-3.6607387683441597
5.0,2.0,-2.0,8.958064164793722,-3.660738767118138,-4.5872250119271856e-11,3.3889731510158757e-10,-1.8888888886453996,0.22222222265815428,8.958064164769294,-3.660738768109974
6.0,2.0,-2.0,8.958064164793722,-3.660738767118138,-3.347213030014297e-11,3.1455655265674855e-10,-2.666666666300969,0.6666666673151118,8.958064164764707,-3.6607387678063867
7.0,2.0,-2.0,8.958064164793722,-3.660738767118138,-1.8044464106409614e-11,1.983403593762292e-10,-3.4444444440910544,1.111111111735709,8.95806416476136,-3.6607387675246037
8.0,2.0,-2.0,8.958064164793722,-3.660738767118138,-1.9721522630525313e-32,-9.656040789665707e-18,-4.222222222006107,1.555555555936987,8.958064164759556,-3.6607387673469285
9.0,2.0,-2.0,8.958064164793722,-3.660738767118138,0.0,0.0,-5.0,2.0,8.958064164759556,-3.6607387673469285
0.0,2.0,-2.0,8.958064164793516,2.622446540062728,-2.5888501984315856e-11,-6.151854993658044e-10,2.0,-2.0,8.958064164793516,2.622446540062728
1.0,2.0,-2.0,8.958064164793516,2.622446540062728,-4.74688636446305e-11,-5.937864442546491e-10,1.2222222219007202,-1.5555555561141543,8.958064164790926,2.6224465395116314
2.0,2.0,-2.0,8.958064164793516,2.622446540062728,-5.7359349947708636e-11,-2.3229413103685004e-10,0.4444444440467982,-1.111111111799911,8.95806416478618,2.622446538979703
3.0,2.0,-2.0,8.958064164793516,2.622446540062728,-5.892831438020676e-11,7.073609005079867e-11,-0.3333333335702793,-0.6666666670721817,8.958064164780444,2.622446538771608
4.0,2.0,-2.0,8.958064164793516,2.622446540062728,-5.465582651970388e-11,2.6137202232893094e-10,-1.1111111110944283,-0.22222222218284762,8.95806416477455,2.622446538834974
5.0,2.0,-2.0,8.958064164793516,2.622446540062728,-4.5871525284260657e-11,3.3894119605380754e-10,-1.8888888886462283,0.2222222226569092,8.958064164769084,2.622446539069116
6.0,2.0,-2.0,8.958064164793516,2.622446540062728,-3.347147872010123e-11,3.1462975629847754e-10,-2.6666666663015755,0.6666666673142573,8.958064164764497,2.622446539372747
7.0,2.0,-2.0,8.958064164793516,2.622446540062728,-1.804407378503146e-11,1.983946605152461e-10,-3.444444444091442,1.111111111735199,8.95806416476115,2.6224465396545993
8.0,2.0,-2.0,8.958064164793516,2.622446540062728,0.0,-7.694930709712089e-23,-4.222222222006293,1.5555555559367553,8.958064164759346,2.622446539832326
9.0,2.0,-2.0,8.958064164793516,2.622446540062728,0.0,0.0,-5.0,2.0,8.958064164759346,2.622446539832326
0.0,1.0,-2.0,-8.958064164791349,-0.5191461141387859,2.3830459577772575e-11,2.6725136962135103e-10,1.0,-2.0,-8.958064164791349,-0.5191461141387859
1.0,1.0,-2.0,-8.958064164791349,-0.5191461141387859,3.984123787663138e-11,2.2635976979343898e-10,0.22222222217301768,-1.555555555638596,-8.958064164788967,-0.5191461143781911
2.0,1.0,-2.0,-8.958064164791349,-0.5191461141387859,4.7992407269401255e-11,5.060811694389561e-11,-0.5555555555473556,-1.111111111091106,-8.958064164784982,-0.5191461145809655
3.0,1.0,-2.0,-8.958064164791349,-0.5191461141387859,4.983822421032764e-11,-1.1590808779121584e-10,-1.3333333331772812,-0.666666666386089,-8.958064164780183,-0.5191461146263006
4.0,1.0,-2.0,-8.958064164791349,-0.5191461141387859,4.6740073540019404e-11,-2.2710063003884056e-10,-2.1111111107866485,-0.22222222164604502,-8.9580641647752,-0.5191461145224693
5.0,1.0,-2.0,-8.958064164791349,-0.5191461141387859,3.960987771175281e-11,-2.7047393961805263e-10,-2.8888888884417163,0.22222222301298603,-8.958064164770526,-0.5191461143190311
6.0,1.0,-2.0,-8.958064164791349,-0.5191461141387859,2.9139497887476266e-11,-2.453317624270575e-10,-3.6666666661867797,0.6666666675135466,-8.958064164766565,-0.5191461140767387
7.0,1.0,-2.0,-8.958064164791349,-0.5191461141387859,1.581655711138111e-11,-1.537297850485971e-10,-4.444444444039189,1.1111111118254635,-8.958064164763652,-0.5191461138569688
8.0,1.0,-2.0,-8.958064164791349,-0.5191461141387859,0.0,-7.694944142240185e-23,-5.222222221989048,1.5555555559663181,-8.95806416476207,-0.5191461137192566
9.0,1.0,-2.0,-8.958064164791349,-0.5191461141387859,0.0,0.0,-6.0,2.0,-8.95806416476207,-0.5191461137192566
